,Rating
P Abbamonte,0.0
A Abbas,4.6
A Abbott,5.0
F Abd El Khalick,5.0
T Abdelzaher,3.6
S Abdikerimova,4.0
W Abdulla,5.0
B Abendschein,5.0
D Abosso,4.2
M Aboukhatwa,5.0
D Abrams,3.3
K Abrams,2.5
A Acosta,2.2
L Adamczyk,2.8
G Adams,4.8
M Adams,2.2
C Adams,0.0
B C. Adamson,0.0
A Adeyemo,5.0
M Adibu,5.0
T Adil,4.4
S Adler,0.0
P J Adshead,0.0
S Adve,4.0
V Adve,4.3
R Agarwal,2.0
I Agbanusi,4.8
A Aggarwal,3.0
G Agha,1.6
C Agirdas,4.2
S Agnani,0.0
A Agrawal,4.6
A Aguayo,0.0
S Ahlgren,4.7
P Amir Ahmadi,0.0
I Ahmed,1.5
M Ahsen,0.0
H De Aiva Fonseca,0.0
A Therese Akono,0.0
I Redstone Akresh,0.0
R Akresh,3.9
A Aksimentiev,2.0
E Al-Kutubi,4.2
I Al-Qadi,4.4
A Alawini,4.8
C Albernaz Siqueira,5.0
S Albert,4.7
P Albin,4.3
A Albirini,4.8
D Albouy,5.0
I Albrecht,4.5
S Alexander,4.3
T O Ali,0.0
K Alidoost,2.5
A Alkalimat Mcworter,0.0
E Alkan,3.2
J Allain,3.8
B Allan,5.0
T Allee,4.0
P Allen,3.7
J Allen,2.5
R Allen,2.0
J Allen-Smith,2.3
K Allendorf,3.3
A Alleyne,4.0
M Alleyne,5.0
D Allred,2.6
C Allsup,3.9
H Almedia,5.0
R Alston,5.0
A Alt,5.0
R Alt,1.0
S Altaner,4.1
S Althaus,3.6
N Aluru,2.9
E Alvarez,0.0
E R Alvarez,0.0
J Alvarez,3.0
G Alvarez,2.0
L Alzaga,4.1
V Amar,3.0
V D. Amar,0.0
S Ambrose,2.7
N Ambrose,2.8
A Aminmansour,4.3
E Amir,1.8
J Amos,4.2
R Amrhein,0.0
S Anakk,0.0
G Anand,3.0
K Anant,0.0
T Anastasio,4.7
A M Anders,0.0
P Andersen,1.0
J Anderson,3.5
L Anderson,3.8
B Anderson,3.0
C Anderson,0.0
C Anderson,0.0
P Anderson,3.0
S B. Anderson,0.0
E Anderson,0.0
R Anderson,0.0
N Anderson,4.3
N L Anderson,0.0
N Anderson-Cobb,4.1
j G Andino Martinez,0.0
M Ando,4.3
A Ando,0.0
F Andrade,3.7
B Andrawes,2.0
K Andrews,5.0
J Anema,4.2
L Angrave,4.3
D Annamalai,4.5
B Anne,1.5
V Ansermet,5.0
E Antoniadou,4.2
J Ao,0.0
Y Arai,4.3
A Arana,4.7
R Arana,4.2
J David Arbelaez,0.0
R Archibald,2.8
M Arends,4.5
F Arga,5.0
L Arias,3.3
Ö Arikan,1.5
T Ariss,4.0
J Arjona,0.0
R Armendariz,1.7
P Armstrong,2.0
C Armstrong,4.8
C Arnaldo,5.0
M Arnold,0.0
R Arnould,3.0
J Aronoff,4.1
J Arrigo,5.0
D Arsan,2.0
W Artz,0.0
L Arvan,2.3
H Arvin-Rad,3.0
I Asaka,4.5
B Asante-Appiah,3.3
C Ash,3.8
S Ashby,1.8
J Ashley,3.0
J Asim,0.0
T Asobo,0.0
Y Athanassakis,3.1
J Athreya,1.6
P Atienza,0.0
J Atiles Osoria,5.0
A Augoustakis,4.7
C Augspurger,4.0
R Autrey,4.8
A Avgar,0.0
R E. Avgoustopoulos,0.0
E Avrutin,4.5
S Avsec,4.5
J Axelson,3.2
R A Axford,0.0
P Axtman-Barker,5.0
T Ayala,4.2
F Ayanbode,0.0
Y Aydin,3.2
M Babadoost,4.0
L Baber,4.2
E Bacon,2.7
E Badger,4.3
W Baer,3.2
M Bagchi,2.9
G Bahl,2.0
S Baidya Roy,5.0
M Bailes,4.5
R Bailey,3.0
M Bailey,0.0
M Bailey,0.0
B Bailey,3.9
R Baillargeon,4.3
P Baker,2.5
M Balajewicz,1.0
L Balaminut,5.0
J Balamuta,2.5
E Balci,5.0
A Bales,5.0
P Balgopal,5.0
A Balgopal,4.3
S Ballard,0.0
J Ballivian,5.0
S Alan Cruz Baluyot,0.0
J Bambenek,4.1
S Bangu,4.1
N Barajas,4.0
A Baranger,2.1
A Barbeau,4.3
C Barber,4.0
R Barber,0.0
A Barbey,0.0
A Barbey,0.0
Y Barishnikov,1.6
C Barkan,4.4
W Barley,3.0
M Barnes,0.0
L Barnes,0.0
T Barnes,5.0
L Barnet-Morris,0.0
B Barnett,3.7
I Baron,4.3
D Baron,3.2
A Barragan Diaz,1.0
J Barrett,0.0
R Barrett,3.2
J Barrett,0.0
M E. Barrett,0.0
M Barro,4.8
A Barron,5.0
P Barry,0.0
A Bartik,3.0
G Barton,5.0
T Basar,4.6
T Baser,0.0
M Bashir,2.1
B E. Basilio,0.0
E Basinger,4.8
T Bassett,2.7
A Basu,3.3
M Basu,4.2
G Basu Thakur,5.0
A Bateman,4.5
L Bates,0.0
N Batson,5.0
L Batten,4.5
D Bauer,4.9
R Bauer,3.2
E Bauer,1.2
A Bauer,5.0
B Bawawana,2.0
A Bayat,4.8
K Baylis,4.1
G Baym,4.5
C Bayram,2.8
J Beach,4.7
J Beard,0.0
J Beauchamp,1.7
R Bebczuk,4.8
R Bechtold,5.0
D Beck,0.0
P Beck,2.5
D Beck,0.0
K Beck,0.0
C L. Beck,0.0
E Beckman,4.4
O Beckwith,4.0
M Bednar,4.0
J Beever,3.0
A Behbahani,0.0
S Beilstein,4.0
V Bekteshi,0.0
J Beley,4.7
N Belkind,1.0
G Bell,5.0
M C Bell,0.0
A Bell,3.3
A Beller,3.0
J Bellington,3.0
M Bellini,3.8
P Bellon,4.1
S Bencivenga,0.0
R Benekohal,2.7
A Benjamin,3.5
K Bennet,0.0
T Bennett,0.0
M Benoit,3.5
N Benson,3.3
C Benson,4.9
E Benson,0.0
E Benson,0.0
J Bentsman,0.0
J Bentsman,0.0
J Bentz,3.5
L Berdchevsky,2.0
Y Berdychevsky-Kustanovich,1.4
H Berenbaum,2.5
M Berenbaum,4.7
Z Fluids Berent,0.0
S Berger,1.5
T Bergman,4.2
J Bergmark,2.0
L Bergonzi,3.3
M Bergvelt,2.5
A Beristain-Murillo,5.0
N Berkovich,5.0
S Berlocher,2.6
R Bernazzoli,4.7
B Berndt,3.8
W Bernhard,3.6
D Bernhardt,2.7
A Bernshteyn,2.0
W Berry,3.3
S Berry,3.0
D Berry,4.5
D Berwick-Evans,5.0
D Beser,0.0
J Best,2.9
R Bettiva,2.9
R Beyogle,3.5
A Bezryadin,4.0
K Bhalerao,5.0
G Bhambra,0.0
R Bhargava,4.5
R Bhat,1.0
S Bhat,0.0
S Bhat,0.0
R Bhatt,3.0
R M Bhatt,0.0
U Kumar Bhowmik,0.0
C Bigman-Galimore,1.7
E Bigsby,3.9
O Bilenoglu,0.0
S Billiot,0.0
R Bird,3.8
T Birkenholtz,3.3
J V Birkenholtz,0.0
D Bisbee,3.0
W Biscarri,4.4
N bishop,3.0
M Bishop,4.3
L Black,4.9
B Black,3.0
A Black,0.0
N Blake,3.4
C Blake,2.4
J Blanco,2.9
S Blanke,4.0
B Blethell,0.0
A R Bliss,0.0
D Block,4.8
J Blount,5.0
P Blume,2.7
I Boca,0.0
F Boca,2.3
D Bodony,4.7
B Boeh,0.0
K G Boerger,0.0
D Bohn,3.0
M Bohn,2.4
J Bohonos,5.0
J Boi,0.0
E Bokamba,1.9
J Bol,2.9
E Bolton,4.1
V Bonatti,3.5
B Bond,4.7
T Bond,2.5
M Bonn,0.0
M Antonio Bonomo,0.0
G Boone,2.8
M Boppart,3.6
S A Boppart,0.0
M Borek,5.0
N Borisov,1.6
K Borkowski,0.0
M Strom Borman,0.0
A Borst,4.1
C Bosak-Schroeder,3.5
C Bosch,4.5
S Bose,5.0
K Bost,4.8
B Bothmann,4.8
M Boubekri,2.5
R Boulatov,1.3
B Boutwell,0.0
J Bowermaster,2.0
J R Bowers,0.0
J Bowers,3.8
M Bowles,4.3
A Bowman,5.0
S Brabant,4.4
R Brackmann,3.1
J Braden,3.4
J Bradley,5.0
S Bradlow,2.5
C Brady,5.0
A Brakke,4.0
C Brakke,5.0
D Brand,1.2
A Brandt,1.0
B Branham,5.0
M Brannan,3.0
L Brault,4.2
P Braun,4.8
P Bray,2.5
D Brazee,3.6
B Brennan,3.0
J Brennan,4.0
Y Bresler,4.0
T Bretl,3.9
M Brewster,2.9
E Breyer,0.0
W Brieher,4.8
M Briggs,4.5
L Bright,1.0
D Briley,4.0
H Brimmer,1.0
D Briskin,4.4
R Britton,0.0
K Britzman,5.0
C Brobst,5.0
J Brommer,0.0
J Bronski,4.0
D Bronson-Lowe,4.3
J Brooks,4.8
C Brosseder,5.0
J Brotherton,5.0
K Broughton,3.7
D Brown,0.0
D Brown,0.0
C Brown,0.0
M Brown,5.0
K Brown,4.6
R Brown,4.8
J R. Brown,0.0
T Brown,4.7
D F Brown,0.0
C Brown,0.0
C Brown,0.0
S Brown-Schmidt,3.9
N Brozovic,3.7
C Bruce,0.0
J Bruke,1.0
K Bruner,4.3
M Brunet,3.8
R Brunner,3.8
J Brunton,3.8
B Bryan,3.5
C Buccafusco,3.2
D Buchanan,2.8
M Bucheli,4.3
J Buckler,2.6
C J Buckley,0.0
B Buckley,3.8
R Budakian,3.4
S Buetti,5.0
B Bui,5.0
L Buki,3.0
T Marie Bukrhalter,0.0
D Bullock,0.0
C Bullock,5.0
D Bullock,0.0
W Bullock,2.0
C Bunch,2.9
D Buntrock,0.0
A Burch,5.0
B Burger,4.5
L Burgoon,4.6
A Burgos,4.5
M Burke,0.0
M Burke,0.0
T Marie Burkhalter,0.0
A Burkus-Chasson,2.3
L Burner,5.0
J Burner,3.0
S Burns,3.8
J Burns,2.6
L Burns,4.0
W Burnson,0.0
R Alan Burt,0.0
A Burton,3.1
B Bush,0.0
E Bushey,0.0
A Butler,0.0
J Butterfield,5.0
J Byrd,3.9
C Byrne,4.5
D Byrne,5.0
S Caban,0.0
M Caccamo,2.5
C Caceres,4.6
L Cacho,3.7
K R. Cadwallader,0.0
M Caesar,4.4
G Caetano-Anolles,4.3
Z Cai,3.9
X Cai,3.5
W Calder,3.2
E Calderwood,5.0
C Callahan,3.9
K Callert,5.0
M Camargo,0.0
S Camargo,3.0
M Cameron,0.0
S Cameron,5.0
D Camp,1.0
R Campbell,2.1
S Campbell,3.5
A D Campbell,0.0
W Campbell,0.0
M Campello,5.0
M Campillo,0.0
D Canache,3.8
A Cangellaris,4.7
R Cannaday,4.0
N Cantoni,4.0
A Cantrell,0.0
S Cao,4.8
N Capell,0.0
J Capino,3.8
J Carbine,5.0
F Cardoso,4.5
Y Carey,2.8
L Carlson,4.9
E Carlson,3.0
J L Carlson,0.0
K Nicole Carlson,0.0
M Carlton,4.8
D Carluccio,1.9
I Carmen,4.3
C Carmichael,4.2
S Carnett,5.0
S Carney,3.0
B Carollo,3.4
B Carpenter,4.0
N Carpenter,1.7
C Carrillo,2.4
E Carrington,3.2
R Carrol,5.0
J Carrubba,0.0
A Carter,0.0
A Carter,0.0
J Carter,3.7
J Carter-Black,4.8
S Cartwright,4.2
T Carty,0.0
T Carty,0.0
S Carty,0.0
J Cascajar,4.5
S Casey,5.0
A Casey,5.0
S M Cassinelli,0.0
N Castro,4.8
E Castro,4.4
J Castro,4.5
W Castro,2.0
J Catchen,2.5
S Cate,3.4
C Caudle,3.6
J Caughlin,4.4
A Cavallaro,4.5
M Cawvey,4.5
C Ceisel,3.0
F Cellarosi,4.8
S Ceman,4.8
D Ceperley,1.0
V Cervantes,0.0
E Cha,1.5
S Cha-Jua,2.8
C Chaffin,5.0
L Chai,4.4
S Chakraborty,0.0
S Chakraborty,0.0
A Chakraborty,3.0
E Chalioti,4.7
G Challen,3.5
R Chambers,0.0
J Chambers,3.1
L Chamorro Chavez,5.0
L Chan,0.0
J Chan,5.0
M Chan,1.5
S Chan,5.0
T Moon-Yew Chan,0.0
A Chan,2.5
H Chandler,3.2
J Chandler,4.1
K Chandrasekaran,0.0
K Chandrasekaran,0.0
K Chandrasekaran,0.0
M Chang,0.0
H Chang,4.2
S Chang,5.0
K Chang,3.4
W Chang,3.5
M Channell,3.9
P Chapagain,0.0
T Chaplin,4.0
K Chapman,2.7
W Chapman,0.0
W Chapman,0.0
K M Chapman-Novakofski,0.0
J Chappa,2.5
D Charlevoix,3.5
E Chasanov,2.0
B Chasco,1.2
I Chasiotis,4.3
s chatterjee,1.0
D Deb Chatterjee,0.0
A Chatterton,4.7
S Chattopadhyay,2.5
S Chaudoin,4.8
A Chauhan,0.0
J Cheibub,2.8
C Chekuri,4.1
Y R Chemia,0.0
Y R Chemla,0.0
C Chen,0.0
X Chen,0.0
X Chen,0.0
P Chen,3.8
C Chen,0.0
H Chen,0.0
S Chen,5.0
Y Chen,0.0
Q Chen,2.0
L Chen,0.0
X Chen,0.0
Y Chen,0.0
C Chen,0.0
D Chen,2.0
F Chen,4.0
H Chen,0.0
l chen,0.0
X Chen,0.0
Y Chen,0.0
Y Chen,0.0
L Chen,0.0
R Chen,2.7
J Cheng,0.0
J Cheng,0.0
J Cheng,0.0
Z Cheng,4.2
C Cheng-Devries,3.5
S Cherolis,4.1
M Cherry,0.0
E Cheslow,5.0
T Chettiar,0.0
Z Cheviron,3.7
W Chew,3.9
D Chhajed,1.3
A Chhatre,2.5
P P. Chiang,0.0
I Chiang,1.2
D Chiaramonte,0.0
A Chiarenza,4.6
C Miguel Chilan,0.0
S Chin,3.5
J Chin,0.0
S Chinchanachokchai,0.0
A Chinco,0.0
J Chiosds,0.0
Y Chiu,3.8
I Cho,2.5
S Cho,0.0
S Cho,0.0
H Cho,0.0
W Cho,4.3
J Choate,3.8
G Choi,2.8
E Choi,2.2
J Choi,4.0
I Choi,0.0
D San Choi,0.0
H Choi,1.6
W Chong,3.2
K Choquette,3.1
K Chou,0.0
R Roy Choudhury,0.0
W Chow,1.8
G Chowdhary,4.0
P Christensen,3.0
C Christians,4.4
K Christianson,0.0
A Chronopoulou,2.9
J Luke Chuang,0.0
V Chumachenko,4.6
H Chung,4.4
A Chung,1.0
J Yoon Chung,0.0
E Chung,4.0
E Chupp,4.8
A Ciafone,4.5
W Ciconte,0.0
J Cidell,4.6
A Cimpian,4.5
V Cintron,3.3
T Ciofalo,0.0
J David Cisneros,0.0
J Claborn,4.9
K Clancy,2.7
A Clark,0.0
D Clark,4.5
T Clark,3.3
S R Clark,0.0
L E Clark,0.0
J Clark ,4.5
A Clark-Joseph,3.0
J Clarke,3.9
C Leeann Clarke,0.0
E Claverie,4.1
J Clay,3.0
D Lawrence Cleeton,0.0
B Clegg,4.5
R Clegg,2.6
E Cliff,5.0
A Clifton,5.0
R Clifton,4.3
B Clifton,4.6
D Clifton,3.4
S Clouse,1.5
R Cochran,4.2
P Cochrane,0.0
A Cockrell,5.0
N Cohen,4.8
D Cohen,3.1
C Colbert,3.0
J Cole,3.5
H Cole,1.8
C Cole,4.3
T Cole,0.0
L Cole,5.0
T Cole,0.0
P Cole,3.3
J Coleman,3.9
T Coleman,0.0
E Colla,5.0
J Danielle Collins,0.0
C Colvin,0.0
D Combs,5.0
K Condill,0.0
M Condis,4.0
E Condon,5.0
M Conlon,4.5
J Connel,2.5
J Connell,2.3
J Conroy,3.3
T Conry,1.1
B Consentino,0.0
I Contreras,4.8
B Conway,4.4
L Cook,4.8
N A Cooke,0.0
T Cooney,0.0
B Cooper,4.2
L Cooper,0.0
D L. Cooper,0.0
B Cope,0.0
W Cope,3.5
M Cornell,5.0
J Coronel,2.5
T Costello,4.8
M Cottingham,4.8
J Cottrell,2.1
K Coulter,4.0
E Courtemanche,3.9
V Coverstone,4.8
J Covey,4.3
F Cowan,5.0
S Cox,1.0
D Coyoca,4.2
S Craft,4.5
M Crain,4.2
C Crane,4.1
L Crane,3.5
J Cravens,2.9
J W Crawford,0.0
R E Soto Crespo,0.0
B Crockett,0.0
A Cronkhite,3.5
J Cross,5.0
L Crowell,3.5
C Crowston,3.4
G Crull,3.1
R Crutcher,0.0
E Csima,2.0
S Culpepper,2.3
T Cummings,5.0
L Cummings,5.0
D Cummins,0.0
R Cummins,2.0
D Cummins,0.0
R Cunnigham,3.3
B Cunningham,4.8
C Cunningham,4.2
R Cunningham,4.0
K Cuno,3.6
R Curry,2.6
S Curtin,4.2
S Curtis,2.6
R Cusick,3.0
C Cuthbertson,0.0
K Czerney,2.5
J D'Angelo,3.3
C D'Souza,5.0
K Dach-Gruschow,2.8
J Dahl,4.5
M Dahlquist,4.0
K Dahmen,2.2
X Dai,4.4
M Dailey,3.5
N K Dalal,0.0
E Dalheim,0.0
S Dallerba,1.0
J Dallesasse,4.8
J Dalling,5.0
D Dalpiaz,4.5
H Dankowicz,1.9
M Dann,4.7
R Daphtary,3.8
R Dar,3.1
P Darch,0.0
S Darfour-Oduro,1.4
R Darmody,3.8
S Das,4.5
D Daum,1.8
M Dave,3.4
S Davenport,4.8
M David,3.8
G David,0.0
P Davidson,5.0
F Davidson,3.5
J S Davidson,0.0
R Davidson,2.0
L Davies Brenier,5.0
M Davila,4.7
J Davila,0.0
L Davila,2.0
D Davis,2.7
J Davis,3.7
I Davis,1.5
L Davis,2.8
M G Davis,0.0
C H Davis,0.0
S G Davis,0.0
J L Davis,0.0
A Davis,4.0
G Davis,4.7
N Davis,4.1
J Day,4.0
T Day,0.0
C De Angelo,5.0
L Bravo De Guenni,0.0
M De Lisio,4.8
K De Lucia,3.2
D De Silva,1.4
B Deal,0.0
T Dean,4.5
S Dean,5.0
C Deangelo,4.7
L Dearborn,2.5
L DeBrock,2.1
A Deck,1.8
D Decoste,4.6
D Decoste ,4.8
J Dee,0.0
J DeGrado,0.0
R Deja,4.0
R Del Torro,0.0
E Delacruz,3.5
A Delaney,3.9
J Deleon,3.6
L Deleuze,4.0
E Delgado,4.1
L Delic,3.9
C Delisle,2.1
G Dell,3.8
D Deloney,5.0
K DeLucia,0.0
B Demarco,3.7
P M Demere,0.0
J Dengate,1.0
S Denmark,3.7
S Dennis,4.4
L Denofrio,3.9
N Denzin,5.0
E Derhemi,3.0
J Derringer,4.5
T Deryugina,1.7
M Desai,1.4
N Desmond,4.5
J Desmond,4.0
D Desser,1.0
L Destefano,3.1
L Dethorne,4.4
P Deuskar,3.3
R Deutsch,3.5
R Deville,4.8
D DeVinney,4.5
M K Dey,0.0
P Sarathi Dey,0.0
L Di Girolamo,5.0
Y Diao,5.0
V Diaz,2.4
T Diaz-Kozlowski,5.0
C Dickison,4.3
P Diehl,3.8
B Diers,4.1
J Diesner,3.7
M Dietze,4.0
D Dig,4.2
I Dilanni,4.5
R Dilger,2.2
A Dilger,4.7
B Dill,4.7
S Dillon,2.0
C Dimock,4.2
C Ding,0.0
K Ditewig-Morris,3.7
A Dixit,2.5
T Dixon,5.0
D Dlott,2.6
D Dlugonski,5.0
M Dobosh,3.7
W Dobrucki,5.0
R Dodds,3.8
K Dolan,0.0
T Dolan,5.0
B Dolber,3.6
F Dolcos,3.9
S Dolcos,4.1
E Dole,3.6
V Dolgopolov,3.0
B Dolinar,5.0
F Dominguez,3.0
V Dominguez,1.8
A Domínguez-García,3.5
C Dominic,0.0
M Donahoe,5.0
R Dong,5.0
M Donohoe,4.7
A Dooley,4.3
A Dor-On,1.0
S Doran,0.0
R Dotter,4.5
R Douglas,3.4
J Douglas,3.1
M Doussard,2.7
S Dowdall,5.0
J Dowling,4.9
J Downie,0.0
S Downie,4.8
S Downing,4.2
P Drackley,3.0
L Drager,2.9
P Dragic,3.8
T Dragu,2.7
J Drake,1.0
S Dramin-Weiss,4.9
F Drasgow,4.2
M Dressman,2.2
K Driggs-Campbell,5.0
D Drnevich,3.5
K Drogos,5.0
E Drollette,4.0
J Druhan,2.0
D Dubin,3.3
D Dublin,0.0
J Dudek,5.0
R Duerr,0.0
B Duff,3.9
D Dullea,4.2
G Dullerud,3.3
P Angus Duncum,0.0
N Dunfield,4.7
R Dunker,5.0
W Dunn,4.1
L Dunn,0.0
A C. Dunn,0.0
B Dunne,4.4
A M Dunse,0.0
N Duran,5.0
A Durston,4.3
G Dusek,0.0
S Dutta,0.0
S Dutta,0.0
C Dutton,5.0
I Duursma,2.5
S Dyachenko,2.8
M Dye,3.4
M Dyer,3.0
M Eagen-Jones,5.0
M Eamon,5.0
A Earl,4.7
D Eastburn,4.3
A Ebata,4.2
J Ebel,4.4
B Eby,5.0
R Echambadi,5.0
S Eckhoff,1.0
N Eckland,4.3
J Eckstein,3.0
D Eddelbuettel,2.0
S Edelson,4.2
G Eden,4.8
B Edlefsen,0.0
G Edmonds,4.1
M Edwards,4.7
T Efremova,0.0
M Efron,0.0
K Ehrenberger,0.0
M Ehrlich,0.0
S Eichhorst,4.9
M Eiland,2.5
A Eisen,3.7
R D Eisinger,0.0
N El-Gohary,3.5
A El-Khadra,3.4
K El-Rayes,4.5
A E Elbanna,0.0
S Elbel,3.0
R Eldred,1.9
F Elichirigoity,4.9
Z Elkins,4.1
B Elliott,4.7
M Ellis,5.0
B Ellison,5.0
T Ellsworth,4.7
A Elnashai,2.6
A Elsaleiby,4.2
K Emkes,5.0
A Emmert,1.5
K Emmert,1.0
J Emmert,5.0
D Emmons,1.5
B Enders,3.0
B Endres,4.5
R Endres,5.0
R Engelbrecht-Wiggans,2.4
N Engeseth,5.0
S Engles,0.0
S English,1.0
M Erdogan,4.4
B Erickson,2.5
K Erickson,0.0
J Erickson,4.2
M Eriten,4.7
M Ernst,2.3
P Ernstmeyer,4.2
S Errede,4.2
E Ertekin,5.0
R Esbenshade,3.3
A Escobar,3.5
L Escobar,3.5
L Escobedo,4.2
H Salehi Esfahani,0.0
D Espelage,4.4
R Espinosa-Marzal,2.2
A Espiritu,4.2
L Estabrook,3.6
R Etebari,0.0
S Etesami,5.0
R Etesami,4.8
E Etxebarria Zuluaga,5.0
G Evans,4.1
B Evans,3.1
M Evans,4.9
J Evans,0.0
J Evans,0.0
G Carl Evans,0.0
J Evans-Kaplan,5.0
R Ewoldt,4.3
M Fabiani,0.0
T Fagan,4.4
W Fagen,4.3
Z Fagyal,2.3
L A Fahnestock,0.0
C Fairbairn,0.0
D Fairchild-Ruggles,4.5
X Fan,3.6
N Fang,2.3
E Fang,5.0
K Fang,0.0
K Fanning,3.0
J Fanning,0.0
C E. Farmer,0.0
B Farnell,4.1
S Farner,4.7
J Farr,4.3
S Farrand,3.7
A Farrell,4.5
C Fauke,2.0
T Faulkner,1.9
T Faux,3.2
K Federmeier,3.8
R Fein - Smolinski,4.0
A Feiz,5.0
G Fellouris,1.8
M Feng,1.5
R Feng,2.9
J Feng,4.5
C Fennell,3.6
K Fenske,0.0
M Fenstermacher,0.0
K D Ferdermeier,0.0
J Feria-Galicia,5.0
R Loja Fernandes,0.0
F Fernandez-Doig,1.0
P Ferreira,3.3
K Fertig,4.1
K Fielder,5.0
B Fields,4.9
M Kathleen Fijalkovich,0.0
E T Filipov,0.0
J Filippini,5.0
M Finch,3.0
K Findley,4.8
J Fineberg,2.8
M Finke,3.0
A Finke,0.0
K Finley,3.4
T Finnegan,2.9
J Finnerty,3.1
E Fireman,4.7
C Firkins,3.8
K Fischer,0.0
P Fischer,1.4
A Fischer,3.5
C Fisher,2.3
M Fisher,3.9
J Fisher,4.0
J Fitts,0.0
M Fitzpatrick,4.0
B Flachsbart,3.2
C Flack,0.0
D Flaherty,3.9
M Flaherty,5.0
K A Flanagan,0.0
M Fleck,4.0
M Fleisher,0.0
I Fleming,0.0
C Flener,2.8
A Fliflet,1.1
C Flint,0.0
C Flint,0.0
J Flodstrom,1.0
R Flores,5.0
K Flowers,3.8
K Flynn,3.2
P Flynn,1.5
C Fogelman,5.0
D Fogerty,2.0
r JOSEPH foley,0.0
J Follis,3.9
L C Folwaczny,0.0
S Foote,4.7
R Foote,4.9
M Forbes,0.0
B Ford,0.0
K Ford,3.8
G Forman,0.0
D Forsyth,4.6
V Fos,2.5
E Foss,4.8
M Foster,1.8
R Fouche,3.8
B Fouke,0.0
B Fouke,0.0
E Fradkin,3.0
R Fraley,0.0
R Fraley,0.0
J Frame,4.3
V France,2.9
P Di Francesco,0.0
G Francis,2.6
B Francis,3.0
R Frank,0.0
D Frank,2.7
P Franke,1.7
S Frankenberg,3.8
M Frankland,4.9
S Franks,0.0
J Fraser,0.0
J Fraterrigo,4.5
R Fratti,1.2
S Fraundorf,4.9
J Frayne,4.5
G Frazier,0.0
T Frazzetta,4.9
C Freeburg,3.0
K Freeney,5.0
K Fresco,3.1
J Freund,2.9
G G Freund,0.0
H Freund,1.0
M Fricke,4.0
P Fritzsche,2.4
L Frizzell,2.5
S Froedge,5.0
M Frogley,0.0
S Frost,3.9
J Frydman,0.0
P Fu,3.5
W Fu,3.3
E Fuchs,5.0
T Fuentes,2.9
R Fuller,4.2
D Fullerton,1.0
Y Funk,4.7
Z Furedi,1.3
C Gaber,3.0
V Gadre,0.0
B Gadway,4.2
A Gaedtke,5.0
K Katrina Gaffney,0.0
F Gahvari,1.0
B Gailey,5.0
B Gaines,3.0
R Gajendran,5.0
J R Gallagher,0.0
L E Gallant,0.0
R Galvez,4.7
T Gambill,3.5
C Gammie,2.3
L Gan,2.0
R Gandhi,4.0
J Gant,1.0
G Xingxin Gao,0.0
P Garber,3.1
C Garber,4.0
R Garcia,1.0
F Garcia,4.7
K Garcia,0.0
J Salamanca Garcia,0.0
I Garcia,4.8
P Gardoni,4.5
J Garg,4.0
N Garg,4.0
M E Garguilo,0.0
A Garimella,4.8
P R Garner,0.0
P Garret,1.0
P Garrett,3.2
M Garrison,3.0
L Garrow,2.9
R Garthe,5.0
K R Garton-Gundling,0.0
B Garza,5.0
M Garzaran,2.1
R Gaskins,1.7
L Gasser,2.8
E Gast,5.0
E Gaste,0.0
G Gasyna,4.9
R Gates,2.0
M Gazzola,4.8
E Gee,1.0
S Gelston,4.8
S Genis,2.1
K Gentry,2.7
J George,3.9
J Georgiadis,2.7
J Gerlt,3.5
A Gerwith,0.0
P Geubelle,0.0
A Gewirth,0.0
B Ghamari-Tabrizi,3.5
A Ghayoori,2.0
S Ghike,0.0
A Ghosh,5.0
A Ghoshal,1.0
R W Giannetta,0.0
L Giannossa,2.0
M Giardina,4.5
D Gibble,3.2
J Giertz,3.0
M Gilbert,0.0
R A Gilbert,0.0
D Gilbert,4.0
M Gilbert,0.0
P Gill,4.1
S Shabbir Gill,0.0
Z Gille,3.4
M Gillette,1.5
R Gillette,0.0
S Gilmore,4.0
R Ginsburg,3.3
G Gioia,4.0
J Giordano,5.0
G Giorgio,4.5
M Girard,4.4
R Giri,0.0
C Girju,4.0
T Girndt-Clougherty,0.0
T Gist,0.0
G Gladding,3.3
S Gleisner,1.8
I Glennon,2.5
J Gliozzi,0.0
D Glisch-Sanchez,4.0
A Glont,1.5
D Glosemeyer,4.5
S Gloss-Lucas,4.7
N Glumac,3.5
R Gobin,1.0
L Goddard,4.8
P Godfrey,4.9
D Godsell,4.0
R Goebel,5.0
K Goel,2.0
K Goetze,4.4
J Goffnett,3.5
I Golding,2.5
W Golding,5.0
D Goldman,4.5
H Goldman,0.0
P Goldsmith,3.0
M Goldstein,3.5
H McIlwee Golecki,0.0
G Gollin,3.5
G D Gollin,0.0
M Golparvar-Fard,4.7
J Gong,3.2
S Gong,0.0
A Gong,1.5
B Gonsalves,3.5
C Gonzalez,5.0
M Gonzalez Ybarra,5.0
E Good,0.0
E Goodell,0.0
J Goodfriend,3.9
L Goodlad,4.1
D Goodman,3.8
M D Goodman,0.0
B Goodney,2.5
D Gooler,3.7
L Gordon,2.9
E Rey Gordon,0.0
R Gorvett,4.4
A Gottlieb,3.5
R Govindrajan,0.0
R Gower,4.4
A Goza,0.0
K C. Graber,0.0
G Grabner,3.7
P Graham,4.1
J Grahovac,3.8
M Granados,4.5
J L Grant,0.0
G Gratton,1.0
C Gray,4.4
D Greco,2.2
G Green,0.0
A Green,2.8
J Green,4.4
A Green-Miller,1.0
J Greenberg,0.0
J Greenberg,0.0
L Greene,3.2
J Greene,3.7
P Greene,0.0
J Greenhill,3.8
A J. Greenlee,0.0
W Greer,0.0
A Grennan,2.0
R Gresh,4.8
N Grieve,5.0
P Griffin,4.9
J Griffin,2.8
R Griffis,0.0
T Grift,2.7
A Grigoryan,0.0
D Grigsby-Toussaint,2.4
L Grill,2.0
K Grim-Feinberg,3.7
C Grindrod,3.5
S Grison,4.8
J Griswald,5.0
J Griswold,4.2
J Grohens,3.6
S Gronlund,2.5
W Gropp,3.1
C Grosman,4.6
G Gross,1.9
H J Gross,0.0
M L Grosse,0.0
M Grosse Perdekamp,3.9
B Grosser,5.0
M Grossman,2.0
H Grossman,3.1
N Grossman,4.5
M Gruebele,4.6
V Gruev,5.0
Y Guan,5.0
W Guenthner,3.5
S Guerrier ,3.7
J Guest,5.0
B Guillou,4.0
J Gulley,3.0
F Gultepe,1.9
M Gunasekera,3.0
A Gunaydin,0.0
C Gundersen,3.2
L Gunderson,2.4
J Gunji,3.6
K Gunji,4.4
N Gunn,5.0
C Gunsalus,3.2
E Gunter,2.7
C Gunter,5.0
L Guntzviller,3.5
J Guo,3.5
S Guo,4.3
X Guo,2.0
I Gupta,3.5
P Gupta,5.0
S Gupta,1.0
O Gust,5.0
R Gutierrez,2.2
R K Guzman,0.0
H Gweon,4.0
I HA,2.4
E Younhee HA,0.0
J Ahn HA,0.0
N Haas,0.0
B Haber,4.8
R Haber,2.9
M Haberman,3.7
W Haboush,1.4
V Hackbarth,2.2
D Hackmann,0.0
M Hadjipolycarpou,1.0
P Hadley,4.4
C Haesemeyer,3.9
T Hail,4.4
A Haileselassie,4.8
B Hajek,4.1
E Hake,3.2
L Haken,4.3
J Hale,0.0
T Hale,5.0
B Halfpap,2.0
C L Hall,0.0
S Hall,0.0
S Hall,0.0
C Halperin,2.0
C Ham,3.8
H Hamdy,0.0
K Hamilton,2.8
J Hamilton,0.0
L Hamlin,3.3
W Hammack,3.6
R Hammann,3.6
P Hammie,3.5
A Hamrick,4.9
S Han,0.0
J Han,3.8
M Han,0.0
S Han,0.0
S Han,0.0
H Han,2.0
A Han,5.0
B Hancin-Bhatt,2.6
M Haney,4.8
L Hanks,4.5
L Hann,4.3
L Hanna,4.5
S Hannan,3.2
J Hansen,4.0
E Hansen,0.0
A Hansen,0.0
A Hansen,0.0
L Hanson,0.0
K Hanstad,0.0
Y Hanzawa,0.0
G Hapke,4.6
S Har-Peled,2.1
K Haran,0.0
V Haran,4.0
E Hardegree-Ullman,4.5
D Hardin,3.4
D Haring,4.0
B Harley,4.9
A Harmon-Threatt,3.7
J Harper,3.8
A Harper,4.5
J Harrington,5.0
V Harris,3.2
D Harris,0.0
D Harris,0.0
H Harris,5.0
D Harris,0.0
A Harris,3.3
R Harris,3.1
S Harrison,5.0
B Harsh,5.0
M Hart,4.8
B Hart,0.0
J Hart,3.3
A Hartman,0.0
D Hartman,4.0
R Harush,0.0
J Harvey,5.0
S Harwood,3.3
S Faisal Hasan,0.0
M Hasegawa-Johnson,3.5
Y Hashash,2.3
W Hassan,3.9
A Hassinger,5.0
L Hastings,4.8
J Regina Havlicek,0.0
N Havlin,4.5
C Hawking,3.0
J Hay,1.5
J Hayes,2.5
C Haymon-Coleman,4.0
B Haynes,1.9
M Hays,2.3
D Hays,4.8
J Hays,3.3
R Hazlewood,4.0
X HE,0.0
Y HE,2.8
W He,1.6
N He,2.0
S Heads,0.0
P Heald,3.0
P Healey,0.0
B Hearne,0.0
E Heath,2.2
M Heath,3.2
K Heath,3.8
G Hebert,2.2
W Hechler,2.8
G Hecht,2.3
G Hect,0.0
A Hedeman,3.0
C Hedlin,0.0
C Heeren,3.9
M Heffernan,5.0
I Hegger,4.2
B Heidorn,1.7
S Heilen,3.4
W Heiles,4.3
A Heleodoro,2.5
S Helle,4.3
J Heller,4.5
M Hellwig,2.9
S Henderson,4.9
J Henderson,3.3
W Henderson,0.0
C Hendricksen,2.0
R Hendrickson,4.6
B Hendrickson,0.0
M Henehan,1.7
J Hengst,1.5
S Hennebohl,4.5
G Henricks,5.0
J Henschen,0.0
F Henshaw,3.9
J Hepp,3.0
A Herb,4.6
P Hergenrother,4.5
G Herman,4.2
J Hernandez,4.9
R Hernandez,5.0
E Herrera,4.3
L Herrera,4.8
A Herrera Escobar,5.0
E Herrstrom,4.6
S Hersh,5.0
M Hertzman,3.0
N Hertzog,0.0
E Heske,5.0
L Hetrick,4.3
J Heuman,2.8
B Heuser,5.0
G Hewings,3.2
C Hibbard,3.6
L Hibbeler,2.7
T Hickox,2.0
S Hicks,5.0
J Hicks,5.0
P Hieronymi,4.4
J Higdon,3.6
S Higgins,4.6
C Higgins,3.3
A Hildebrand,4.5
S Hilgenfeldt,3.4
S Hilger,4.7
A Hill,2.5
L Hill,5.0
N Hillier,3.0
C Hillman,0.0
P Hillmer,4.7
L Hinchliffe,0.0
J Hinchliffe,2.1
K Hinders,2.8
R L Hindle,0.0
H Hing,3.0
A Hinkkanen,3.9
J R Hinman,0.0
A Hirani,2.1
S Hirata,5.0
N Hirtz,2.4
J Hitchon,0.0
Y Ho,5.0
I Hobson,5.0
H Hock,4.3
D Hockensmith,0.0
S Hocker,2.2
L Hodges,2.7
K Hodgin Jones,5.0
V Hoefig,5.0
D Hoelzle,0.0
V Hoffman,3.2
A Hoffmeister ,4.8
K Hoganson,3.2
R A Hogarth,0.0
L Hogin,5.0
D Hoiem,4.4
B Holden,3.3
G Holder,5.0
C B Holder,0.0
D Holder,4.3
C Holding,4.8
M Holguin,4.4
C Holler,0.0
K Holley,4.7
J Holley,3.5
L Hollis,5.0
C Holmes,0.0
J Holmes,5.0
C Holmes,0.0
N Holtzclaw-Stone,1.8
S Hong,1.9
J Hong,4.7
B Bong hwan Hong,0.0
L Hongyang,3.0
B Hooberman,4.3
W Hope,4.1
D Hopping,3.5
R Hornbaker,3.6
E Hostetter,3.1
V Hotchkiss,3.8
J Hough,3.2
B Houser,4.4
B Houston,3.0
L Houston,5.0
N Hovakimyan,1.0
L Howe,3.3
K Howell,4.6
M Howie,2.5
F Hoxie,3.6
M Hoyt,2.2
N Hryhorczuk,5.0
E Hsiao-Wecksler,3.5
K Hsieh,4.0
F Hu,2.5
Y Hu,0.0
P HU,1.0
Y Hu,0.0
Y Hu,0.0
L Hua,0.0
J Hualde,4.8
Y Huang,0.0
D Huang,4.0
Y Huang,0.0
M Huang,5.0
A Huang,5.0
J Huang,0.0
P Huang,0.0
P Huang,0.0
J Huang,0.0
J Huang,0.0
T Huang,3.7
S Huber,0.0
L Hubert,4.8
A Hubler,4.3
B Hudek,4.3
M Hudson,4.8
B Hudson,0.0
S Hudson,5.0
A Huebner,4.8
S Huerta Kosovych,5.0
C Huff,0.0
K Huff,5.0
B Huff,5.0
B Hug,4.0
C E Hughes,0.0
T Hughes,5.0
K Hughes,1.0
M Hughes,0.0
R Hughes,5.0
M Huhman,4.2
K L Hull,0.0
A Hultquist,4.8
J E Hummel,0.0
S Hummel,4.8
T Hummel,3.6
D Hundertmark,2.3
B Hunt,4.7
A Hunt,0.0
I Joseph Hunt,0.0
A Hunte,4.5
C Hunter,4.0
A Huot,4.0
H Hur,0.0
V Hur,2.2
A Hursh,5.0
S Hurst,1.1
R Husby,3.6
C Hustak,2.9
M Hutchens,0.0
M Hutchens,0.0
S Hutchens,2.9
S Hutchinson,3.5
C Hutchinson,0.0
G Hutner,2.0
M Huynh,4.5
W Hwu,5.0
A Ibarretxe,4.8
A Ibrahim,2.6
A Icardo-Isasa,5.0
E Ignacio,5.0
J Ikeda,3.1
R Ilie,5.0
E Imhoff,1.2
J Imlay,5.0
P Imoukhuede,3.5
J Inda,5.0
K Innes,3.0
M Inoue,2.0
K Insolia,0.0
T Ionin,3.6
M Arruti Iparraguirre,0.0
R M Irani,0.0
J Irigoyen-Garcia,4.5
A Irish,4.6
S Irish,0.0
D Irwin,3.9
S Irwin,3.6
K Irwin,4.6
O Isengildina-Massa,0.0
K Ishikawa,3.6
N J Isserman,0.0
S Ivanov,2.3
A Ivanov,4.0
R Ivashkiv,5.0
A Ivy,4.4
J Iwelunmor,0.0
R Iyer,1.5
J G. Izaguirre,0.0
K Jackson,4.2
J Jackson,2.0
S Jackson,3.1
E Jackson,0.0
A Jacobi,4.6
T Jacobs,2.9
C Jacobs,3.5
N Jacobsen,2.1
J Jacobson,5.0
S Jacobson,2.2
D Jaher,3.3
M Jaimes,0.0
A Jain,0.0
P Jain,0.0
A Jain,0.0
K James,0.0
R James,4.2
K James,0.0
D Jamieson,1.6
W Jang,1.0
H Jang,2.7
P Janowicz,3.2
J Jose Jaramillo Jimenez,0.0
A Jarman,5.0
R L Jarrett,0.0
I M Jasiuk,0.0
B Jefferson,1.0
J Jegerski,4.0
P Jelinek,3.5
C Jenkins,0.0
R Jenkins,0.0
J Eric Jenkins,0.0
R Jenkins,0.0
C Jenkins,0.0
J Jennings,3.7
M Jensen,0.0
P Jensen,4.5
K Jensen,3.1
B Jernigan,2.8
B Jewett,3.0
R Ji,2.6
H Ji,4.4
J Jiang,1.0
M Jimenez,4.7
B Jimenez,4.0
J Jin,4.7
R Johnson,3.6
C Johnson,0.0
D Johnson,2.5
B Johnson,0.0
T Johnson,0.0
T Johnson,0.0
L Johnson,4.5
H Johnson,4.2
P Johnson,5.0
A Johnson,4.0
B Johnson,0.0
R L Johnson,0.0
M F Johnson,0.0
C Johnson,0.0
J Johnson,2.5
S Johnsrud,3.0
E Johnston,4.3
P Johnston,4.3
K R Johnston,0.0
W Jones,4.5
D Jones,4.1
B Jones,4.6
J Jones,0.0
E Jones,4.8
K Jones,3.0
R Jones,5.0
A Jones,4.1
J Jones,0.0
K K Jones,0.0
J Jones,0.0
J Jordon,0.0
D Joseph,4.8
C Josey,4.9
G J Juarez,0.0
M Jung,4.0
M Junge,2.5
J Juraska,3.4
D Kabanova,4.8
R Kacirek,0.0
J Kaczmarek,0.0
L Kaganovsky,4.5
A Kaha,4.1
T Kahle,0.0
M Johanne Kainulainen,0.0
P Kairouz,4.8
A Kais,5.0
I Kakoma,0.0
Z Kalbarczyk,2.8
L Kale,2.3
J Kaler,4.7
E Kalipeni,2.4
P Kalita,4.3
A Kalsotra,5.0
J Kam,3.0
F Kamalabadi,4.5
Y Kang,3.4
T Kang,0.0
H Kang,2.0
D Kang,5.0
N Kani,2.7
S Kannan,4.2
J Kansler,3.9
R Kanter,4.1
G Kao,1.0
A Kao,0.0
A Kap,3.0
B Kaplan,2.4
A Kaplan,0.0
A Kaplan,0.0
J Kaplan,4.1
S Kapoor,3.5
I Kapovich,3.5
I Kapovitch ,0.0
K Karahalios,3.4
J T. Karam,0.0
K Karan,0.0
J Karduck,5.0
M Kargar,1.0
J Karkafi,4.8
E Karras,3.0
T Kasdan,5.0
M Kashani,5.0
S Bin Kashem,0.0
D Katselis,4.0
S Katsikas,5.0
Y Katsumi,5.0
S H. Katz,0.0
J Katzenellenbogen,2.8
P Kaufman,0.0
B Kaufman,0.0
U Kaufmann,3.9
V Kaushik,0.0
A S Kavruk,0.0
A Ke-Li,1.5
R Keane,2.9
K Keating,4.5
R Kedem,1.9
Y Kedem,4.3
J Keeble,5.0
J Keeler,0.0
K Keenan,0.0
J Keene,3.2
T Kehl-Fie,0.0
D Kell,2.0
M Keller,4.3
J Keller,0.0
J Keller,0.0
M Kelley,4.4
J Kellman,0.0
D Kelly,2.7
J Kelly,0.0
M Kelly,0.0
L Kelpinski,3.0
A Kemball,4.6
J Kim Kemper,0.0
L Kendall,2.2
B Kendrick,1.8
A Kent,4.8
A Kerins,4.0
E Kerman,3.3
J Kern,5.0
M Kersh,0.0
M Kersh,0.0
R Kersh,3.7
J Marie Keruskin,0.0
D Kesler,4.9
G B Kesler,0.0
K Keyes,4.0
M Khalil,4.8
H M. Khalil,0.0
R Ali Khan,0.0
O Khessian,0.0
O Khessina,1.0
C Kieffer,5.0
D Kiku,3.0
J Kilgore,0.0
K Kilian,4.4
T Kim,2.2
E Kim,4.7
P Kim,2.6
H Kim,0.0
J Kim,0.0
Y Kim,0.0
K Kim,3.3
J Kim,0.0
J Kim,0.0
S Kim,0.0
H Kim,0.0
M Kim,0.0
S Kim,0.0
J Kim,0.0
M Kim,0.0
S Kim,0.0
D Kim,2.1
N Kim,5.0
S Kim ,2.1
L Kimmel,5.0
R Kimnach,4.1
P Kimutis,5.0
C Kinder,5.0
L Kinderman,3.0
V Kindratenko,4.4
J Kindt,0.0
J Kindt,0.0
S King,3.5
W King,2.6
D King,1.0
D M King,0.0
T King-Taylor,3.0
L Kingery ,4.5
D Kink,5.0
B Kinnersley,5.0
R Kinoshita,4.9
C Kinson,1.8
N Kirchner,0.0
A Kirkoryan,0.0
K Kirkpatrick,4.4
A Kirlik,2.5
E Kirr,2.0
B Kirwan,0.0
K Kishida,4.5
N Kiyavash,3.0
J Klafehn,4.9
M Klajbor,5.0
M Kleehammer,3.9
M Kleemans,2.1
K Kline,4.6
G Kling,4.8
M Klinger,0.0
A Kloeckner,4.5
H Klonoff-Cohen,1.0
J Knipp,4.0
L Knizner,4.0
L Knobloch,4.7
J Knorek,5.0
E J M Knox,0.0
R Knox,0.0
K Koch,4.8
D P Koenker,0.0
M Koerner,2.8
D Koev,5.0
T Kohli,4.2
H Kohn,2.4
J Kok,4.5
G Koksal,3.5
J Kolisetty,5.0
A Kolla,3.3
E Kolodziej,1.0
S Koloutsou-Vakakis,4.7
M Konar,2.3
H Kong,3.5
I Konstantoulas,3.5
D Koo,4.1
d koo,0.0
S Kopels,5.0
D Korman,4.3
B Kornell,1.3
R Korte,4.9
D Korte,5.0
I Koshik,2.6
S Koshy,4.2
G Koslofsky,3.4
C Koslofsky,2.8
M Kosovski,4.6
W Ann Koss,0.0
S Kostell,4.3
A Kostochka,4.2
K Kourtikakis,4.8
K Koutsaki,5.0
D Kouzov,3.0
D Kovacic,2.8
D Kovacs,4.0
R Kovatch,4.6
M Koven,4.0
S Koyejo,1.3
A A. Kozak,0.0
A M Kozak,0.0
J Kozlowski,5.0
T Kozlowski,3.0
A Kozma,3.3
M Kraatz,3.9
M Kraft,3.3
M Kral,5.0
K Kramer,5.0
E A. Kramer,0.0
A Kranek,4.5
D Kranz,4.3
S Krasa,2.6
M Krassa,2.8
K Kraszewska,0.0
G Kraszewski,4.5
N Kraus,0.0
M Kraus,5.0
R Kravets,2.5
P Krein,4.0
K Kreindler,5.0
S Krische,2.9
G Krishnan,3.8
M Stinus Kristensen,0.0
T Kriven,3.5
J Krogstad,2.7
J Krohn,0.0
M Kronlund,3.1
G Krueger,0.0
J Krueger,3.0
M Kruepke,4.0
D Krummel,0.0
A J Kruse,0.0
P Kruty,4.5
A Ksiazkiewicz,4.8
P Kuchinke,5.0
D Kuchma,3.0
E Kudeki,4.1
S Kuehn,4.4
T Kuethe,5.0
T E Kuhlman,0.0
A Kukekova,1.6
T Kukla,3.8
A Kulkarni,0.0
V Kumar,4.9
R Kumar,0.0
P Kumar,0.0
R Kumar,0.0
P Kumar,0.0
J Kumar,4.0
P Kumar ,1.8
M Kumbhat,2.8
S Kunitz,4.7
M Kuo,2.0
K Kuper,5.0
M Kushad,5.0
M Kustanovich,4.5
D Kutzarova,3.4
D Kuykendall,3.8
C Kwakye,4.8
M Kwan,3.0
T Kwapil,3.5
K Kwast,3.9
P Kwiat,4.1
S Kwon,3.1
D Kwon,2.4
L Kwon,1.0
D Kyritsis,4.8
K La Barre,3.6
F La Gioia,5.0
G La Nave,1.6
A Labau,0.0
J Labella,3.4
C Lacatus,5.0
J Lafave,3.6
P Lahiri,1.0
A Laing,0.0
G Lakeland,4.7
S Lalone,0.0
C Lamanna,0.0
F Lamb,2.7
S Lamb,2.9
H Lambert,5.0
K N Lambert,0.0
E S Lamboi,0.0
J Lambros,3.4
J Lammers,3.6
S Lan,2.0
G Lanave,2.6
J Landrum-Brown,3.3
T Landry,5.0
C Lang,4.2
C Langbort,5.0
D Lange,0.0
D Lange,0.0
P Lansing,3.8
C Lansing,4.5
A Lanski,5.0
A Lapunzina,0.0
M Larabee,4.6
T Larison,4.1
L Larkin,3.5
M Larkin,5.0
C R Larrison,0.0
T Larrison,3.6
J Larsen,1.6
L Larsen,4.7
D Larson,5.0
E Larson,4.3
R Laschever,0.0
P N Lasersohn,0.0
B Latawiec,0.0
E Latham,0.0
M Latimer,4.5
R Laugesen,4.6
R Laura,2.8
K Laurence,5.0
R Laux,3.5
D Elizabeth Laux,0.0
S Lavalle,4.3
A LaViers,2.0
M Lavizzo,0.0
M Lavoie,4.8
N Lavoie,4.7
J Lawler,2.0
L Lawson,4.8
J Laystrom-Woodard,4.0
R Layton,3.3
S Lazebnik,2.8
J Leake,0.0
J Leake,0.0
C Leal,4.0
J Leap,3.0
Y Learmonth,0.0
J Lebl,2.8
G Lebron,2.2
J Leburton,4.0
M Leckey ,5.0
J LeCrone,5.0
S Ledford,5.0
K Lee,2.2
Y Lee,0.0
J Lee,0.0
S Lee,0.0
C Lee,0.0
J Lee,0.0
J Lee,0.0
T Lee,0.0
S Lee,0.0
C Lee,0.0
Y Lee,0.0
A Lee,0.0
S Lee,0.0
S Lee,0.0
A Lee,0.0
M Lee,1.0
B Lee,3.0
M Lawrence Lee,0.0
T Lee,0.0
J Lee,0.0
K Lee ,4.0
M Leff,4.1
C Leff,4.3
M Lehman,5.0
F Lehman,2.2
C Lehnen,0.0
R Leibowitz,0.0
J Leiby,4.5
K Leicht,2.4
S Leigh,4.7
C Leininger,4.0
K Leisman,4.5
E Lemay,4.7
C Lemoine,4.5
J Lemus,4.9
J Lenz,0.0
A Castro Leon,0.0
D Leon Ruiz,4.4
E Lerman,4.2
B LeRoy,4.0
E Leshikar,4.7
K Levchenko,4.7
J Leveritt,4.6
L Levesque,1.9
D Levin,1.5
B Levine,4.3
S Levinson,0.0
B A Levinstein,0.0
D Lewin-Loyd,3.4
T Leytham-Powell,0.0
H Li,0.0
X Li,0.0
Z Li,0.0
Y Li,0.0
L LI,3.7
W LI,3.1
B Li,3.5
S Li,1.3
Y Li,0.0
Z Li,0.0
Q Li,0.0
H Li,0.0
X Li,0.0
Z LI,0.0
Z Liang,3.5
N Liang,4.0
H Liang,0.0
F Liang,3.4
A Liao,0.0
M Liao,3.5
D M. Liberzon,0.0
K Lichtman,4.5
B Lidicky,4.0
L Liebenberg,4.4
J Lieberman,4.8
H Liebersohn,3.6
S Liepert,0.0
J Lierl,3.8
T Lietz,0.0
C Light Shriner,1.8
B Lilly,4.4
N Lim,3.8
M Lim,3.7
Y Lim,5.0
J Limp,0.0
M Lin,4.9
P Lin,3.8
J Lindo,5.0
B A Lindquist,0.0
M Lindsey,4.7
B Coble Lindsey,0.0
M Linick,4.0
C Linville,2.5
D Lior,2.9
A Lipka,3.5
P Lisowsky,4.7
T Liss,3.9
J Lisy,3.1
B Litchfield,0.0
J Litchfield,0.0
M Littlefield,5.0
C Liu,4.2
J Liu,0.0
W Liu,1.5
Z Liu,0.0
L Liu,3.4
Y Liu,0.0
Y Liu,0.0
X Liu,5.0
H Liu,3.4
J Liu,0.0
K Livengood,5.0
J Livengood,4.7
J Livingston,3.0
A Livny,4.1
A Lleras,3.3
N Llewellyn,3.9
N Llewelyn,4.0
A LO,3.7
A C Lo,0.0
J Lo,4.9
A Lo,0.0
A Lo,0.0
M Anton Lobato,0.0
P Loeb,1.9
J Loewenstein,4.5
R Logsdon,0.0
J Lommele,0.0
A Long,4.9
L Long,1.3
D R Long,0.0
S Looker,4.0
L Looney,4.6
J Loor,2.0
C Lopez-Ortiz,0.0
O Lopez-Pamies,2.5
V Lorenz,0.0
H Lotz,2.4
T Loucks,2.3
P Loughran,4.0
M Loui,3.7
G Love,3.8
E Love,3.0
S Taylor Lovell,0.0
J Low,4.8
E Lowe,0.0
M Loza,4.2
J Lozano,2.5
E Lozano,3.0
Y LU,5.0
Y Lu,3.5
T Lu,0.0
Q Luan,0.0
S Lubienski,5.0
D Lubotsky,4.3
S Lucas,4.2
L Lucero,2.9
J Lucero,3.8
E Luckman,4.8
D Luethi,0.0
A Lugo,2.7
Y Lui,0.0
K Lukacena,3.7
S Luke,4.7
M Lullo,0.0
C Lum,0.0
C Lumbley,4.3
S Lumetta,3.5
M Lundsgaard,3.2
C Lundstrom,5.0
C Lundy,2.5
K Luther Henderson,0.0
Z Luthey Schulten,1.5
J Luu,3.3
M Luu,3.0
J Lyding,5.0
L Lydon,5.0
M Lynge,3.0
J Lynn,3.8
K Alexandra Lyons,0.0
A Lyons,2.7
M Lyubansky,3.2
P MA,3.6
X Ma,4.0
J Ma,0.0
R Maass,4.2
A D. Mabry-Flynn,0.0
J MacDonald,2.9
G MacDougall,2.5
N Macgregor,2.3
F MacHungo,3.9
S MacIntyre,3.3
J MacKay,3.9
J MacLean,1.3
J MacMullen,5.0
C MacSwain,0.0
V Madhavan,1.0
M Madonick,4.8
A Madrigal,4.5
J Madson,3.0
G Magee,3.6
J Magee,4.8
P Magelli,3.3
M Magill,0.0
V Mahaffey,3.7
P Maher,2.0
S Mahir,3.0
F Mahmood,4.8
J Mahoney,3.3
E Mailey,4.0
T Majors,4.5
K Mak,3.5
B Mak,2.3
R Makhnenko,3.0
N Makins,4.6
S Makos,0.0
K Maldonado,2.7
S Maldonado-Velez,0.0
F Malekafzali,3.8
T Malekin,4.4
B Malekin,0.0
J Malgares,0.0
R Malhi,3.7
J Wittmer Malinowski,0.0
C Malkiewich,4.6
A Malkin,2.9
L Mall,0.0
L Mall,0.0
M Mallory,4.0
C Malmgren,1.2
G Malo,4.0
M Manalansan,4.1
J Manaster,4.4
J Manfredo,3.7
A Manfroi,4.5
T Manselle,4.9
M Marcinkowski,3.7
J Marcot,3.2
D Margot,4.8
E Marillier,1.0
A Marina,2.5
D Marinov,3.8
S Mariscol,0.0
M Marjanovic,5.0
N Markee,3.1
R Markley,3.9
L Marla,1.6
D Maroun,5.0
G Alan Marrs,0.0
S Marshak,4.8
G Marshal,0.0
J Marshall,3.4
A Marshall,3.5
A Marshall-Colon,3.0
A Martens,5.0
L Martin,0.0
R Martin,4.0
N Martin,5.0
J Martin,3.5
C Martin Jr.,5.0
L Martinez,5.0
J Martinez,4.2
M M Martinez,0.0
S Martinez,0.0
C Martinez,5.0
A Martinez,2.9
J Nicola Martinez Robles,0.0
P Martinez-Quiroga,4.9
A T. Martinsek,0.0
A Martoccio,4.8
K Marville,2.7
B Marx,0.0
J Masiunas,4.4
N Mason,3.3
S Mason,3.0
E Massey,4.0
M Masters,0.0
A Masud,1.0
R Mathisen,4.3
J Mathy,2.2
L Matter,0.0
C Mauck,5.0
A Mayer,0.0
M Mayer,0.0
A Mayer,0.0
J Mazzone,0.0
J McAdara,5.0
B McBride,4.8
J McCarley,4.4
E McCarren,4.5
T McCarthy,3.4
R McCarthy,3.9
R McChesney,3.4
L McChristian,5.0
L McCloskey,1.4
R McCloud,1.1
K McClure,0.0
M McCormick,5.0
J McCormick,4.8
J McCullough,0.0
M McDermott,5.0
E McDermott,3.2
D McDonagh,0.0
D McDonagh,0.0
C McDonald,0.0
J McDonald,5.0
J McDonough,0.0
K McDowell,0.0
K McDuffie,1.0
E McDuffie,4.4
M McFarland,4.5
G McFarquhar,4.3
T McGovern,4.2
M McGrath,3.1
L McGuire,4.3
P McKean,3.6
M McKee,3.6
E McKenna,2.8
P McKenzie-Jones,3.6
R McKim,3.9
G McKinley,2.0
S McLafferty,4.3
M McLaughlin,2.8
M McLay,5.0
D McLean,3.7
H McLeer,4.3
D McMillen,4.0
P McNamara,4.5
T McNamara,0.0
D McNamee,4.0
J McNeilly,4.1
E McQuiston,4.0
F McSweeney,1.2
S McWhorter,3.8
K Meacham-Hensold,4.0
K Meaney,4.0
I Meares,2.0
K Medina,0.0
K Medina,0.0
E Medina Cortina,0.0
A Megill,5.0
N Mehdi,4.0
B Mehrtens,4.3
P Mehta,0.0
V Mehta,5.0
P Mehta,0.0
R Mehta,0.0
R Mehta,0.0
T Mei,3.0
H Meidani,3.0
P Meier,4.8
M Meilleur,3.6
E Meisami,4.6
S Mejia,4.0
M Meléndez,2.1
E Melko,4.1
A Melnick,4.3
J Melton,0.0
R Mendenhall,2.4
O Mendiola-Sanchez,0.0
K Mendoza,0.0
L J Meng,0.0
J Mercado,3.0
B Mercer,4.9
S Merenkov,2.7
C Merli,0.0
S Meron,5.0
A Merrill,2.6
I Mertes,5.0
J Meseguer,2.4
S Meserve,0.0
N Mesnard,4.1
N Mesner,5.0
A Messina,4.0
J Mestre,3.5
W Metcalf ,5.0
A Mette,4.4
E Meyer,3.3
J Meyers,5.0
S Meyn,0.0
M Micale,4.3
S Michael,4.9
L Michael,3.7
M Michael,3.4
E Michael,0.0
B Michelson,4.3
C Micots,1.9
S Mikucki,2.9
K Milans,1.4
L Milazzo,3.2
O Milenkovic,0.0
O Milenkovic,0.0
K Miler,4.2
J Miles,4.2
M Miletic,3.6
I Milin,4.7
J Miller,0.0
J Miller,0.0
L Miller,2.6
S Miller,0.0
C Miller,3.2
D Miller,0.0
N Miller,0.0
S Miller,0.0
T Suzanne Miller,0.0
B Miller,4.0
A Miller,0.0
A L Miller,0.0
A Rossi Miller,0.0
G Miller,1.0
D C. Miller,0.0
J Robert Miller,0.0
D Miller,0.0
A Miller,0.0
T Miller,4.8
H Miller,3.1
I Mineyev,1.5
R Ming,2.4
M Minicucci,4.1
S Minin,3.8
B Mink,3.0
M Minn,2.8
H Minor,4.6
B Minsker,1.0
R Mintel,4.6
F Miraftab,3.6
Z Miric,4.0
S Misailovic,5.0
M Mishra,2.8
T Mitchell,0.0
R Mitchell,2.9
D A Mitchell,0.0
T Mitchell,0.0
S Mitra,4.3
R Mittal,3.5
A Mixon,4.7
S Mobley,4.1
B Modami,1.3
W Moersch,4.5
B Moffitt,3.0
J Moga,3.0
F Mohamed,3.6
M Mohamed,4.8
R Mohr,4.8
J Mohr,0.0
J Moist,4.8
I Molina,2.3
D Molitor,0.0
T Molla,4.0
K Moller,5.0
J Mondak,4.5
J Monk,5.0
D Monrad,1.7
B Monson,3.0
W Montag,0.0
R Montague,0.0
S Montrul,4.1
E Moodie,3.1
T Moon,5.0
B Mooney,2.1
J Moore,4.3
M Moore,3.0
L Moorhouse,0.0
S Moose,3.0
R Mora,4.3
A Morales,4.2
J Moreno,0.0
B Morgan,3.1
N Morphew,4.2
S Morris,5.0
D Morris,4.8
M Morris Davis,0.0
M Morrison,5.0
J Morrissette,4.8
J Morrissey,4.2
R Michael Morrissey,0.0
K Mortensen,4.0
N Moshe,4.0
O Moshref,3.1
A Moss,4.2
C Mostacero-Pinilla,4.7
R Motl,3.2
T Mouschovias,2.6
G Moussawi,5.0
A Mroz,5.0
W Mu,2.3
R Mudar,4.0
S Mueller,2.7
R Muhammad,2.5
R Mukherjee,4.3
S Mullen,3.7
R Mulvaney,4.0
K Mumford,1.2
R Muncaster,3.0
A Munoz,4.5
M Munroe,0.0
A Muntendam,3.4
K Muramoto,2.4
H Murav,3.0
H Murdoch,4.2
. Murdoch,4.0
J Murison,4.7
E Murphy,1.7
C Murphy,0.0
C Murphy,0.0
M Murphy,0.0
B Murphy,4.5
J Murphy,3.2
M M Murray,0.0
B Murray,0.0
D Mussulman,3.0
A Mustata,0.0
D Musumeci,0.0
M Muyot,2.5
A Myers,4.7
P Myers,1.0
J Mylander,3.4
S Myong,2.8
M Nadeu,5.0
J Nafziger,2.0
D Nagashima,3.7
K Nahrstedt,4.0
S Naidu,4.8
S K Nair,0.0
S A Nair,0.0
G Raveendran Nair,0.0
L Nakamura,3.4
S Nam,4.8
N Namachchivaya,3.0
J Namjoshi,5.0
N Narisetty,0.0
N Narisetty,0.0
S Narsipur,3.8
T Natoli,0.0
A Navaneetha,3.5
H Nazar,4.2
W Neely,3.0
J Neff,2.0
M Nelson,0.0
G Nelson,2.0
M Nelson,0.0
A Z Nelson,0.0
E Nelson,4.0
M Nelson,0.0
N Neogi,0.0
J Nerone,4.6
S Nesbitt,3.4
A Nesbitt,4.0
M Neubauer,3.0
E Neufeld,3.5
E Neuman,4.9
A Neville,5.0
T Nevins,3.9
L Newcomb,3.6
T Newcomb,3.0
D Newman,3.8
A Newman,2.8
A Newton,4.5
J Ng,0.0
M Yee Man Ng,0.0
T Ngo,0.0
F Ngo,4.0
H Nguyen,0.0
T Nguyen,0.0
M Nguyen,2.8
H Nguyen,0.0
L Nguyen Chaplin,5.0
A Nicely,2.7
E Nicley,4.5
D Nicola,4.5
B Niece,3.8
K Niehans,0.0
C Niekerk,4.4
F Niemeyer,1.2
M Niesen,4.4
I Nikolaev,3.5
K Nithyanandan,2.5
M Njeru,5.0
M Nobili,4.8
S Noble,5.0
H Noel,5.0
S Noffke,4.0
D Noland,4.0
K Norcross,5.0
A Norgard,3.2
J North,3.9
M Norton,4.8
S Notaro,4.6
A Novak,4.5
J Novakofski,3.0
R Nowak,4.0
M Nowak,0.0
E Nuesiri,2.5
Y Numata,0.0
R Nuzzo,1.5
U Nwaozuru,3.0
M O'Brien,3.6
V O'Brien,4.6
D O'Brien,3.9
D O'Connell,2.2
D O'Dea,4.8
B O'Dell,3.9
J O'Dwyer,4.8
N O'Gorman,3.3
J O'Neil,2.4
B O'Neil,0.0
E O'Toole,0.0
K O'Toole,5.0
M Obeidin,5.0
K Oberdeck,2.7
S Oberg,0.0
Q Obis,4.0
A Obradovich,5.0
I Ochoa,5.0
G Ochs,4.0
M Odom,4.1
T Offenstein,0.0
E Ofori,4.4
S Ogilvie,4.5
B G Ogolsky,0.0
S Oh,2.0
D Oh,1.0
A Ohms,0.0
T Oikhberg,3.0
S Okegbe,1.0
E Oldfield,2.3
A Olinger,4.6
J Olivar,3.6
F Olivarez,0.0
M A Oliver,0.0
L Oliverio,3.8
G Olsen,3.5
D Olsen,2.9
R Olshansky,3.5
L Olshansky,1.0
T Olson,4.5
K Olson,4.1
C Olson,0.0
S Michael Olson,0.0
L Olson,4.2
E Oltheten,4.2
U Olumba,5.0
A Oluoch,5.0
A Omaggio,0.0
K Ono,3.2
J Onosaka,4.2
Y Oono,1.8
A Orabi,0.0
E Orazio,4.0
P Orlean,3.5
M Orlie,3.2
M Ornik,4.8
A Orta,3.1
L Ortega,4.5
A Osman,3.6
E Osterbur,3.6
J Osterhout,4.3
M Ostrosky,5.0
R Oswald,4.5
C Otnes,3.0
C Ousley,0.0
J Overcash,4.2
B Owen,0.0
L Owen,3.0
A Owens,5.0
E Oyler,5.0
H Rose Pacheco,0.0
D Pack,4.0
T Pack,4.5
C Packard,2.8
J Packard,4.3
L Paden,4.7
A Padmanabhan,1.0
D Padua,1.6
R Pahre,3.9
K Paige,4.6
A Naomi Paik,0.0
A Naomi Paik,0.0
C A Paiva,0.0
Y Pak,3.9
D Palac,5.0
U Palekar,2.0
C Palmer,0.0
C Palmer,0.0
J Palmer,0.0
J Palmore,1.2
U Pamuksuz,4.8
D Pan,2.5
R Pandharipande,3.3
P Pandya,2.8
M Paquette-Abt,3.5
K Parab,5.0
A G Parameswaran,0.0
S Parente,3.0
Y Park,0.0
K Park,0.0
T H Park,0.0
W Park,0.0
H Park,1.2
Y Park,0.0
R Parker,4.2
M Parodi,4.0
D F Parrett,0.0
A Parrish,3.6
M Parthasarathy,2.4
R Rangaraja Parthasarathy,0.0
B Parthum,5.0
J Pascaleff,4.0
S Pataky,4.0
Y Patarapongsant,3.2
K Patel,5.0
S Patel,3.0
J Patterson,4.9
T Pauketat,4.2
J Paul,4.8
G Paulino,1.1
N Paulson,4.7
M Peacock,5.0
A Pearlstein,2.8
W Pearson,0.0
N Pearson,2.8
T Peck,5.0
M Peecher,3.5
C Peiper,2.5
R Pell,0.0
D Pellum,1.0
J Peng,0.0
J Peng,0.0
G Pennacchi,0.0
M Perdekamp,3.8
T Pereira dos Santos,2.0
E Perelman,3.5
E Perez,4.3
D Perez-Astros,4.7
A Perez-Núñez,5.0
M Perino,5.0
T Peris Fuentes,2.3
S Perkins,4.7
A Perkins,4.0
S Perret,5.0
M Perry,0.0
R Perry,2.5
C Perry,3.7
M Perry,0.0
G Piero Persiani,0.0
M E. Persson,0.0
H Pesch,3.5
R Pessagno,0.0
S Peters,3.0
E Peterson,5.0
M Peterson,4.0
B Peterson,0.0
P E Peterson,0.0
S Petrickova,3.9
S Petruzello,5.0
N Petruzzi,2.9
J Petry,3.9
J Cory Pettijohn,0.0
S Peychev ,3.5
C Phalon,5.0
V Pham,3.7
J Phan,3.0
A Philipponneau,4.5
C Philipps,3.0
J Philips,3.7
D Philpott,3.5
M Philpott,0.0
M Philpott,0.0
L Piedra,4.5
J Pierce,0.0
J Pieterse,2.5
J Pike,1.5
T Pilborw,2.5
T Pilbrow,0.0
A Pincus,3.8
D Pindus,1.0
M Pine,0.0
C PING-LIN,0.0
A Pinkert,5.0
J Pintar,4.5
G Pinteris,2.9
H Piper,2.7
M Pitchford,3.8
L Pitt,2.5
B Pittendrigh,2.0
M Pittenger,3.8
K Pitts,4.2
L Placzek,2.5
J Plaiss,4.5
D Planey,0.0
S Plasencia,2.5
S Platt,4.0
K Plawecki,2.8
E Pleck,2.5
A Poetzel,5.0
M Pokorny,2.9
G Polanco,3.6
M Polborn,3.3
P Polinski,2.6
J Polk,3.5
J Pollet,3.4
A Pollock,4.9
C Polychronopoulous,2.0
E Pomerantz,0.0
B Pomeroy,4.6
M Pool,3.2
K Pool,0.0
S Poole,0.0
M Poole,3.0
E Pop,4.4
A Popescu,1.5
G Popescu,2.7
J Popovics,3.9
P Popowski,2.0
B Popp,3.3
K Portier,0.0
N Portugal,5.0
G Pottker,5.0
M Powers,3.3
M Prabhakaran,2.0
  Praeger,3.8
S Prasanth,5.0
K Prasanth,3.2
P Praylow,2.5
M Preis,2.6
C Prendergast,4.8
J Ann Prentice,0.0
A Prescott,3.0
J Preston,3.0
J Lynne Pretty,0.0
D Price,3.8
R Price,4.0
C Price,0.0
J Price,4.8
S Priebe,4.7
N Prince,0.0
D Prochaska,1.9
E Procko,4.4
A Proctor,2.2
S Projansky,3.9
C Proksa,3.0
A Prorok,0.0
J Proulx,4.9
M Pryor,1.0
Y Pu,5.0
J Puacz,4.8
A Pucilowski,0.0
G Puckett,1.0
S Punyasena,2.3
S Purkayastha,1.4
K Pusateri,4.5
Z R Putnam,0.0
Z Qiu,3.5
W Qualls,2.0
K Quaney,0.0
D Quek,5.0
E P Quick,0.0
B Quick,4.6
D Quigley,1.3
D P Quinn,0.0
I Quintana-Wulf,4.0
D Quinto-Pozos,4.9
B Rabern,4.0
D Rabin,3.3
K A Rademacher,0.0
C Radhakrishnan,4.5
S Radil,4.5
E Radlowski,4.5
L Raetzman,4.2
R Rafferty,4.3
M Ragheb,3.8
M Rahe,0.0
S Raheel,0.0
P Rai,4.5
M Raj,0.0
S Rakha,4.2
T Ramais,4.6
M Ramey,4.4
J Ramsbottom,3.8
J Rana,3.5
J Randolph,4.3
A Ranjan,5.0
A Rao,5.0
C Rao,4.0
Z Raptii,3.6
A Rashad ,2.0
S Rashid,3.0
S Raskie,4.5
S Rasmusson,2.6
L Ratner,2.7
R Rauber,4.9
U Ravaioli,4.5
U Ravat,2.8
S Ravishankar,3.5
S Ray,0.0
C Ray,4.3
N Raybeck,3.2
A Rayburn,4.0
L Rayburn,3.7
M Raycraft,4.3
B Rayward,0.0
D Readey,3.2
L Reagan,2.4
V Reali,3.5
A K Rector,0.0
A Reddy,0.0
A Reddy,0.0
K Reeder,4.0
B Reeder,4.5
M Reedy,0.0
D Reese,4.9
B Reese,5.0
M Regenwetter,2.5
A Regoyo,4.7
D Reichers,4.0
D Reid,1.1
C Reifsteck,4.5
J Reis,3.8
H Reis,1.6
A Reisner,2.6
P Reitz,0.0
E Reitz,4.5
M Remmel,3.8
D Remmert,4.3
A Renear,1.0
E Renne,5.0
K Rennekamp,4.5
C Reschke,0.0
E Reutter,5.0
A Reyes,0.0
F V Reynolds,0.0
C Rezk,4.3
B Reznick,4.7
B Rhoads,3.6
J Rhodes,4.3
L Rice,1.0
A Richards,0.0
S K Richardson,0.0
S Richardson,3.0
C Richers,4.0
P Ricker,3.5
s Rickettes,0.0
S Ricketts,3.0
A Rickman,5.0
F Ridgway,4.4
B Ridgway,5.0
J Ridlon,1.0
D Riechers,1.5
M Riecker,4.8
A Riede,4.2
C Rienstra,3.5
C Riggins,3.0
P Riismandel,0.0
B Riley,2.0
E Riley,2.5
R Riley,3.0
A Rinaldi-Miles,2.8
A Rindfleisch,1.0
F Rios,0.0
F Rios,0.0
E Rios-Neto,1.5
M Rispoli,3.0
B Ritchison,2.9
E Ritter,4.7
N Rivera,0.0
A Rivera,5.0
I Rivers,1.5
D Rivier,3.5
B Roach,3.5
R Roach,2.9
K Rafaele Roberto,0.0
J Roberts,0.0
B Roberts,4.1
J Roberts,0.0
H Robertson,3.7
J Robinett,5.0
D Robinson,4.4
T Robinson,4.2
E Robinson,3.2
V Robinson,4.5
M Robinson,4.0
J P. Robinson-Cimpian,0.0
A Roca,4.8
D Roche,3.0
A Rockett,4.0
P C Rodkin,0.0
R Rodriguez,0.0
I Rodriguez,5.0
R Rodriguez,0.0
L Rodriguez,3.5
K Rodriguez'G,0.0
D Roediger,3.6
J Roesler,3.4
V Rogalla,0.0
V Rogalla,0.0
D Rogers,4.5
J A Rogers,0.0
G Roisman,3.9
J Rojas,1.4
B Rokicki,1.0
N Roman Alicia,1.0
K Romberg,0.0
K Romberg,0.0
R Romero,2.5
J Romine,4.5
R Romm,3.5
W Ronald,0.0
M Roppo,1.7
G Rosas,2.8
R Rosas,1.5
D Rosch,4.2
L Rose,0.0
R Rose,2.0
C Roseman,3.8
E Rosenbaum,2.9
J Rosenblatt,2.0
K Rosenblatt,3.1
J Rosenstein,3.3
B Rosenstock,3.6
L Rosenthal,3.5
B Ross,3.9
J Ross,4.6
D Ross,1.0
G Rosu,3.0
M Roszkowski,3.3
E Rota,3.6
D Roth,3.5
M Roth,4.0
M Rothberg,4.2
J Rotman,2.5
J Rouse,4.9
S Rowe,4.6
A Roy,1.0
K Roybal,4.5
Z Ruan,3.7
A R. Ruane,0.0
R Rubin,0.0
T Rubin,3.5
O Rubin,2.0
J Rubins,4.8
R Rucker,2.1
B Ruder,0.0
G Rudkevich,2.8
K D Rudolph,0.0
T Rudolph,3.4
G Rudy,3.9
A Ruehlicke,4.8
E Rueterra,0.0
M Ruiz,0.0
S Ruiz,5.0
M Rukgaber,3.8
R Rumbelow,5.0
B Rumpf,2.8
J Rumsey,4.2
A Rundlett,5.0
P Rungta,5.0
S Runkle,4.5
B Ruppert,3.3
D Rush,4.1
R Rushing,4.6
P Rushing,4.0
M Russell,1.0
L Russell,3.3
K Russell,4.3
C Rutherford,4.5
D Ruzic,4.3
K Ryan,0.0
K M Rybka,0.0
E Saadah,0.0
E Saadah,0.0
A Saalfeld,0.0
M Sabitova,2.8
M Sabok,4.2
V Sachdev,2.8
E Sacks,0.0
C Sadanand,0.0
M Sadler,4.9
R Sadler,3.8
N Blas Saenz,0.0
F Nur Safoglu,0.0
M Safstrom,4.7
D Saha,0.0
Z Sahakyan,3.3
L Sahakyan,4.3
M Sahiba,5.0
S Sahn,3.5
D Saintillan,3.7
J L. Salak-Johnson,0.0
S Salapaka,3.5
L Saldivar,5.0
E Salm,0.0
K Salo,2.8
E Salomon,0.0
M Salrin,5.0
I Salusky,2.5
J Salvo,4.5
R Samanie,4.0
D Samart,3.0
J Samet,2.3
B Samuel,0.0
R Sandefur,4.4
T Sanders,4.5
K Sanders,3.8
M Sandretto,4.4
C Sandvig,3.1
D Sansone,3.1
R Santens,5.0
C Santos,5.0
A Santos,1.0
S Sar,3.5
J Sarkar,1.5
D Sarlah,5.0
A Sarr,4.9
D Sarwate,4.4
P Sauer,4.6
R Saute,0.0
A Sautman,4.9
J Savic,3.0
J Saville,4.0
T Saxton-Fox,0.0
A Scarborough,0.0
D Scarpace,0.0
E Schaaf,4.2
R Schacht,2.4
S Schaffner,5.0
S Schantz,0.0
L M Schaposnik,0.0
B Schatz,0.0
G Scheele,0.0
A Scheeline,2.7
H Schein,4.4
H K Schenck,0.0
H Schenck,4.2
C Scheuer,4.4
M Schiavone,1.0
M Schijven,2.5
D Schiller,4.5
D Schleicher,4.2
A Schleife,5.0
M Schlesinger,1.8
F Schlipf,0.0
A Schmidt,3.4
A Nicole Schmidt,0.0
B Schmidt,0.0
S Schmidt,4.5
C Schmitz,4.2
N Schneider,3.3
D Schneider,3.0
R A Schneider,0.0
M Schneider,4.8
J Schneider,1.0
D W. Schneider,0.0
G Donald Schnitkey,0.0
R Schooley,0.0
P Schoolman,0.0
J Schouten,5.0
M Schrad,4.6
S Schreiner,5.0
W Schroeder,3.7
N Schroeder,3.9
C A Schroer,0.0
M Schuler,1.9
A Schulman,4.5
E Schulte,2.3
A Schultz,5.0
C Schultz,2.5
M Schulz,2.8
J Schutt-Aine,1.7
H Schwarb,5.0
L Oscar Schwartz,0.0
W Schwartz,0.0
R Schwartz,4.8
A Schwenk,5.0
A Schwing,2.8
A Schwingel,4.5
F Schwink,4.0
K Scislicka,0.0
A Scott,4.8
W Scott,4.0
N Scott,3.2
E Scott,0.0
M Scoville,5.0
B Scully,2.5
S Searing,0.0
K Sears,4.5
K Searsmith,2.2
E Sebastiao,4.5
E G Seebauer,0.0
R D Seidelman,0.0
D Seigler,5.0
S Seitz,2.5
M Selen,4.7
M Selig,2.4
J Selin,1.6
J Sellers,4.8
P R Selvin,0.0
I Senay,5.0
M Sener,0.0
R Sennet,3.7
J Senseney,3.8
D Sepkoski,3.0
T Serra,1.0
S Seshadri,3.0
S Sethi,1.0
M Sevella,0.0
L Sha,2.2
M Shabbir,1.0
L Shackelford,3.8
R Shafer,5.0
E Shaffer,3.6
S Shah,3.2
A Shakar,4.5
E Shakkour,1.9
U Shanbhag,4.1
N Shanbhag,3.5
J Shang,4.4
M Shankland,3.1
D Shanzer,0.0
X Shao,2.0
C Shao,4.7
D Shao,1.8
D Shapiro,0.0
J Shapland,3.5
P Shapley,2.5
J Shapley,1.2
L Sharabi,4.8
L Sharif,3.3
P Sharp,0.0
S Shavitt,2.3
M Jengping Shaw,0.0
O Shchur,4.7
B Shea,3.3
A Shea,3.8
T Shea,3.9
R Sheets,4.2
P Sheldon,4.3
S Shelley,3.0
J Shen,1.5
Y Shen,3.0
C Shenouda,2.2
F Shepke,4.0
M Sherburne,4.5
S Sherman,5.0
B Sherrick,4.6
D Sherwood,4.2
R J. Sherwood,0.0
A Sheshmani,3.0
M Shetina,4.8
C Shih,4.7
J Shin,3.7
Y Sun Shin,0.0
S Shin,0.0
F Shin,5.0
M Shin,5.0
C Shin,3.3
K Shinew,4.5
J Shinozuka,0.0
Z Shipstead,5.0
J Shoaff,2.8
D Shoemaker,1.9
G Shoffstall,4.8
D Sholem,4.8
R Shosted,3.5
N Shrikant,0.0
L Shriner,2.7
D Shukla,4.8
M Shumate,3.5
T Shumway,5.0
S Sianis,1.0
A Sibrian,2.7
A Sickles,2.1
A Siebert,0.0
J Siena,5.0
J Siler,0.0
M Siletti,0.0
P Silhan,1.6
M Silva,0.0
M Silva,0.0
H Silverman,3.4
M Silvers,3.9
C Simeone,3.8
B Simmons,4.6
J T. Simmons,0.0
J L. Simon,0.0
D Simons,4.7
D Simpson,4.5
D G Simpson,0.0
T Sims,3.0
G Sin,4.3
C Sing,5.0
C Singer,2.4
A Singer,3.5
R Singh,0.0
R Singh,0.0
G Singh,4.5
S Sinha,0.0
A Sinha,3.5
S Sinha,0.0
J Sinick,5.0
D Sinow,4.1
J Sirignano,1.0
D Sitler,1.5
N Siuti,3.1
M Sivapalan,2.5
D Skabelund,3.4
E Skidmore,4.8
R Skirvin,4.9
K Skwarczek,4.5
B Slade,3.2
J Slater,0.0
J Slattery,4.0
J Slauch,3.7
S Slaven,4.1
S Slobodnik,2.4
I Small,4.2
K Smalls,3.3
P Smaragdis,5.0
J Anne Smist,0.0
S Smith,0.0
K Smith,0.0
L C Smith,0.0
A Smith,3.3
M K Smith,0.0
J Smith,1.0
D L Smith,0.0
K Smith,0.0
P Smith,1.0
C Smith,4.5
M Smith,0.0
S Smith,0.0
S Smith,0.0
R Smith-Bolton,4.8
J Sneed,3.1
M Sneiderman,0.0
E Snodgrass,4.8
S Snow,4.4
V Sobol,5.0
J Socarras,2.3
M Soener,1.8
A Sohn,4.0
S Solecki,4.3
G Solis,3.3
J Solomon,4.5
E Solomonik,4.5
A Solya,4.1
D Somaya,1.0
S Somerville,4.5
C Sommers,4.9
R Song,3.8
Y Song,5.0
J Song,0.0
X Song,0.0
X Song,0.0
H Sorkin,0.0
H Sorkin,0.0
W Sosa-Escudero,5.0
J Sosnoff,4.5
M Sotirovic,5.0
S Soto,5.0
T Sougiannis,2.9
S Souyris,4.0
R Sowers,0.0
R Sowers,0.0
P Spagnolo,4.8
C Span,4.3
L Spanierman,5.0
B F Spencer,0.0
X Spencer,4.5
L Sperling,4.5
J Spielmann,5.0
A Spies,2.2
M Spies,3.5
C Spindel,0.0
D Spinner,0.0
T Spinner,5.0
J Spino,4.5
H Spinoza,0.0
D Spires,4.2
A Spletsov,0.0
C Sprague,0.0
J Sprague,0.0
R Springfield,0.0
K Sredl,0.0
A Sreekumar,4.3
R Sreenivas,4.8
V Srinivasan,3.7
R Sriver,0.0
T Srull,3.5
B Stadtmueller,3.0
C Stanciu,5.0
M Stanfill,3.5
S Stanley,1.5
M Starzewski,1.7
M Stasevicius,4.7
A Statt,0.0
D Stechman,4.5
A Steelman,0.0
B Steidinger,4.5
R Steigmann,1.5
M Steinberg,5.0
J Steinberg,4.0
T Stelzer,4.5
L Stengrim,4.6
A Stenport,4.8
A Stepanov,4.3
B Stephens,0.0
C Stern,5.0
T Sternburg,4.6
A Stevens,4.9
C G. Steward,0.0
C Steward,0.0
D Steward,2.5
M Stewart,4.2
S Stewart,0.0
S Stewart,0.0
B Stewart,2.0
B Stiles,4.7
A Stillwell,1.9
S Stimac,1.0
D Stipanovic,4.7
P Stoddard,4.8
V Stodden,2.9
K Stodola,2.8
M Stodolska,4.5
V Stojanoska,2.5
I Stole,3.8
D Stolee,4.5
P Stoller,3.9
M Stone,3.1
A Stone,4.3
C Stone,3.0
S Stone,1.0
E Stoppino,4.7
D Storage,5.0
M Storie,3.0
R Storm,5.0
R Strand,3.1
A Straub,5.0
D R Strauser,0.0
D Strauser,5.0
N Strole,4.5
M Stromberg,0.0
L Struble,1.0
M Stuardi,0.0
L Stubbs,3.5
A J Studer,0.0
R Stumpf,3.7
H SU,2.5
X Su,3.0
C Suarez,5.0
A Suarez,4.8
R Subramanyam,4.0
N Sugimura,4.0
N Sugrue,2.9
T Sulkin,4.2
A B. Sullers Jr.,0.0
Z Sullivan,3.8
S Sullivan,5.0
P Sullivan,4.5
W Sullivan,4.6
C J Sullivan,0.0
Y Sun,3.0
H Sundaram,2.6
S Sundresh,0.0
P Sunia,4.0
C Suski,0.0
D Sussman,3.5
S Sutor ,1.6
E Sutton,3.3
B Sutton,3.7
N Suvak,3.2
M Svolik,4.2
B Swanson,0.0
B Sweet,4.7
J Sweetwood,4.0
J Swenson,4.2
S Swenson,4.3
G Swicegood,4.1
N Swigger,3.0
S Sydnor,4.5
K Syer,3.5
R Sylvestri,5.0
C Symes,3.5
C Syms,1.5
R Szajna,1.0
J Szlosze,5.0
P Szuta,4.5
L Tabares,0.0
F Taddei,5.0
A Tafti,4.1
S Tainsky,4.3
E Tajkhorshid,0.0
A Talic,3.0
D Talleur,4.4
W Tam,1.0
K Tan,0.0
C Tancredy,4.6
H Taneja,1.0
V Tang,1.0
S Tang,5.0
M Tannenbaum,5.0
D Tanner,3.1
K Tappenden,1.6
P Tarjanyi,5.0
C Tarsala,1.2
A Tate,4.2
B Taub,2.7
N Taub,3.7
H Taube,4.3
E Tavares,3.8
B Tavucku Pirim,4.1
S Tawfick,3.0
S Taylor,4.2
A Taylor,0.0
G Taylor,0.0
A Taylor,0.0
M Taylor,4.1
A Teimourigerdeh,4.0
N Teixeira,3.0
M Tekourafi,0.0
E H Telzer,0.0
R Tempest,0.0
R Tempest,0.0
A Tendera,4.0
D Tendera,0.0
J Teper,0.0
M Terkourafi ,0.0
M Terry,4.5
C Tessum,1.0
M Testa,2.0
P Testa,3.5
S Tettegah,3.7
D Tewksbury,4.7
T Tezcan,4.0
S Thakkar,0.0
J Thaler,2.2
S Thangaraj,5.0
R Tharp,4.5
B Theide,1.0
J Thibert,4.8
S Thiel,3.0
E Thomann,4.7
S Thomas,0.0
D Thomas,5.0
J Thomas-Ward,5.0
L Thompson,4.0
C Thompson,4.7
A Thompson,1.0
N Thompson-Spires,3.5
C Thorn,3.8
M Thorum,0.0
D Thurston,2.5
S Tiarks,4.0
S Tichenor,3.5
D Tienou,2.1
R Tierney,4.5
C Tilley,5.0
A Tipei,5.0
S Tipei,3.5
A Tiwari,5.0
T Tjeerdsma,4.8
B Tober,3.8
R Toby,1.7
M Todarova,4.3
N Todd,4.0
D Tokarz,4.1
M Tokeshi,4.6
A Tolbert,4.5
S Tolman,2.8
J Tom,5.0
C Tomaszewski,5.0
J H Tomkin,0.0
J Tomkin,1.5
J Tong,0.0
X Tong,4.0
H Tong,1.0
A Toossi,3.4
J Torellas,3.1
E Torres,1.0
D Tortorelli,2.9
V Torvik,1.0
W Tousey,0.0
K Toussaint,4.9
J Trach,2.4
D Tracy,1.5
A Traill,3.5
K Trainor,1.0
R Tramel,5.0
P Tranel,4.2
J Trask,2.6
S Travis,0.0
L l Travis,0.0
L Travis,0.0
K Travlos,1.8
J Treat,0.0
A Tremblay,3.5
W Trent,3.2
T Trick,2.4
R Trilling,4.7
B Trinh,2.5
L Trinh,2.5
D Trinkle,3.8
B Trofanenko,3.5
A Trudeau,0.0
C Trujillo,0.0
W Truran,4.8
D Tsai,4.0
N Tsai,4.8
P Tse,1.8
A Tserunyan,2.4
A Adovor Tsikudo,0.0
A Tsiola,0.0
T TU,4.2
I Tubb,3.6
W Tucker,2.0
A Tumanov,0.0
A Tumanov,0.0
J Tumtum,0.0
T Turino,0.0
T Turino,0.0
C Turner,4.5
L Turner,2.0
J Turnock,3.5
D Tursun,3.8
T Tusia,5.0
A Tuszynska,4.1
E Tutumluer,2.7
M Twidale,4.2
B Twinkie,0.0
I Txurruka,4.0
J Tyehimha,0.0
B Tynes,3.2
J Tyson,4.4
A Tzanetou,4.0
N Tzirakis,2.6
M Uddin,3.0
R Uddin,3.5
B T Udrea,0.0
M Uihlein,5.0
S Ullom,3.7
R Virendra Uma,0.0
S Unander,4.5
G Underhill,3.0
T Underwood,4.0
J Unger,4.8
M Unger,4.8
D Unger,3.9
L Unnevehr,3.6
O Urcan,0.0
O Urcan,0.0
A Uribe-McGuire,3.1
K Usry,4.8
C Uyanik,5.0
V Vachharajani,2.8
N Vaidya,4.8
A Vakakis,3.8
A Valdivia,1.6
J Valente,2.6
S Valentine,5.0
J Valenzuela,0.0
J Validashti,4.7
D Valkanova ,3.5
R Valli,4.9
A Valocchi,0.0
M Van,0.0
W Van Der Donk,4.0
R Van der veen,0.0
T Van Heuvelen,4.0
J Van Heuvelen,5.0
D Van Ittersum,4.2
C Van Landingham,0.0
D Van Renen,3.5
C Van Riper,4.2
T Vance,3.8
J Vandehey,5.0
K VanDyne,0.0
P Vanka,4.9
A Varadharajan,3.9
A Varadharjan,5.0
H Varden,3.5
P Vargas,3.5
A Varma,5.0
D Varodayan,4.7
V Varvel,0.0
J Vasquez,4.0
S Vasudevan,2.7
C Vaughn,0.0
T Vaughn,0.0
J Vayntrub,4.4
O Vázquez,2.5
J Vazquez,0.0
J Vazquez,0.0
V Vellis,5.0
V Venkatasubramanian,1.0
R Venugopalan,2.5
M Verderame,3.7
V Verma,0.0
B Vermillion,4.8
A Verone,0.0
B Vesely,4.2
A Vicary,4.3
L Vicente,3.0
J Vicente Urrutia,5.0
J Vieira,3.2
C H Vieregger,0.0
L Villafane Roca,2.7
C Villanueva,3.3
J Vincent,0.0
J Vincent,0.0
J Vining,0.0
V Virudachalam,2.7
E Viruell-Fuentes,4.3
S Vishveshwara,4.5
P Viswanath,3.7
S Viswanath,4.0
M Viswanathan,4.5
C Vitosky,4.8
F Vivoni,3.9
E Vogel,5.0
T Vogel,3.8
C Vogiatzis,5.0
C Voigt,2.6
M Vonnahme,5.0
S Vostral,3.4
P Voulgaris,3.0
J Vozenilek,5.0
A Vuong Persson,5.0
J Vura-Weis,2.7
D Vural,0.0
J Wachtel,0.0
J M Wachtel,0.0
C Wachter,3.7
M Wade,5.0
R Wade,1.0
R Wadleigh ,0.0
W Wadlington,0.0
L Wagner,2.5
A Wagoner-Johnson,2.6
D Wahl,1.0
L Waldrep,4.6
L Waldrop,4.8
L Walker,0.0
G Walker,3.0
K Walkiewicz,4.8
O Wallo,5.0
J Walsh,0.0
J Walsh,0.0
T Walston,4.9
B Walters,4.8
C Walton,5.0
M Wander,1.8
H Wane,0.0
Y Wang,0.0
Z Wang,0.0
S Wang,0.0
S Wang,0.0
I Wang,4.5
Y Wang,0.0
Z Wang,0.0
F Wang,1.0
W Wang,3.3
M Wang,0.0
J Wang,0.0
X Wang,0.0
R Frances Wang,0.0
J Wang,0.0
L Wang,0.0
X Wang,0.0
Y Wang,0.0
Y Wang,0.0
X Tony Wang,0.0
Q Wang,3.0
S Wang,0.0
Z Wang ,5.0
R Wantland,4.6
T Ward,1.5
M Ward,3.8
R Ware,5.0
J Warfield,4.4
E Warnick,0.0
T Warnick,4.2
A Warren,1.6
E A Warren,0.0
R Warrior,1.5
B Washick,1.0
M Washington,4.3
J Waskan,3.7
K Waspi,3.0
D Wasserman,4.0
N Watanabe,0.0
S Watanabe,5.0
M Waters,1.9
K Watkin,2.2
T Watkins,0.0
R Watkins,5.0
D Watson,3.3
P Watson,4.4
W Watson,4.5
N Watson,5.0
O Watts-Davis,4.9
P Weatherhead,3.8
J Weaver,3.5
R Weaver,4.9
C Weaver,2.0
G M Webb,0.0
R Weber,0.0
R Weber,0.0
C Webster,0.0
T Wedig,4.4
T L Weech,0.0
K Weeks,5.0
K Wegmann,3.7
J Weible,4.7
P Weichsel,1.8
D Weightman,0.0
S Weinberg,4.2
R Weinzierl,4.0
B Weir,4.8
M Weisbach,4.7
S Weisbenner,4.0
C Weisman,0.0
D Weiss,4.0
R Weissberg,2.9
A Weissler,4.5
M Weissman,4.1
T Weissman,3.4
T Welch,0.0
A Weldon,0.0
P Wellington,0.0
D Welsh,5.0
J Wenckus,5.0
P Wenger,4.8
R Wengert,3.9
T Wentling,0.0
V A Werpetinski,0.0
T Wertin,2.0
M Wescott,4.9
J Wessels,0.0
D West,3.0
L West,3.6
M West,4.4
A West,5.0
J Westbrook ,3.5
A Weston,3.2
S Wetter,4.5
M Wheeler,5.0
S White,2.6
B White,4.5
N White,4.9
M White,2.4
J White,3.3
C Whitfield,3.0
E Whitteck,4.0
J Katherine Whittington,0.0
K Whittlesey,3.2
R Wickesberg,4.5
K Wickett,0.0
B Wicks,3.2
M Widdicks,4.9
A Wieckowski,1.2
C Wiesener,4.4
K Wilcox,3.8
H S Wildblood,0.0
H A Wilder,0.0
B Wiley,0.0
M Wilkes Towner,0.0
B Wilkie,4.5
S Willenbrock,4.8
K Williams,0.0
M Williams,0.0
L Williams,5.0
K Williams,0.0
S Williams,0.0
C Williams,5.0
C A. Williams,0.0
K Williams,0.0
M Williamson,5.0
A Willis,0.0
I Willis,5.0
J Willits,5.0
D Willner,4.8
B Wills,0.0
D Wilson,4.3
G Wilson,0.0
G Wilson,0.0
S Wilson,3.4
K Wilson,1.7
S R Wilson,0.0
B Wilson,0.0
B Wilson,0.0
R I Wilson,0.0
C Wilson Smith,5.0
K Wilund,3.4
A Winans,3.1
F Winata,0.0
T Winkelmann,5.0
A Winn,5.0
G Winter,5.0
A Winter-Nelson,4.7
M Winters,4.7
J Wirtz,2.8
J Wise,0.0
K Wise,2.6
J Wiss,3.6
A Wissa,3.0
A Witt,5.0
S Witt,3.0
J Witte,2.5
K Witz,4.0
T Wojcicki,4.0
M Wolske,0.0
M Wolters,4.9
M C Wonderlich,0.0
D Wong,4.9
M Wong,0.0
J Wong,2.2
M Wong,0.0
C Wong,3.3
T Wong,3.4
G Wood,4.1
J Wood,3.3
E Wood,4.8
B Woodard,4.3
M Woodbury,3.0
M Woodley,2.5
D Woods,3.8
J Woods,1.5
J Woolf,1.0
H Workman,5.0
S Wortman,4.2
L Wozniak,3.8
T Wright,3.2
W Wright,0.0
C Wright,4.2
D Wright,4.3
M Wright,4.4
T Wright-Dixon,2.3
Y Wu,0.0
M Wu,1.9
B Wyser,3.5
Y Xiang,0.0
M Xiao,4.8
H Xiaohan,0.0
T Xie,1.0
S Xin,0.0
L Xin,3.5
G Xu,0.0
J XU,0.0
F Xu,2.7
W Xu,5.0
S Xu,2.8
Y XU,1.3
G Xu,0.0
E Yairi,0.0
A Yamaguchi,0.0
S Yan,2.5
J Yan,3.8
N Yang,5.0
Z Yang,0.0
J Yang,1.1
C Yang,3.1
L Yang,0.0
W H. Yang,0.0
W Yang,1.0
T Yang,5.0
L Yang,0.0
Z Yang,0.0
H Yang,2.3
X Yang,5.0
Y Yang,2.5
A Yannarell,4.4
N Yannelis,3.9
C Yao,1.2
Y Yao,4.1
S Yao,5.0
M Yao,3.4
L Yao,0.0
K Yarrington,2.3
N Yaseen,2.8
R Yates,0.0
M YE,3.7
K Yearick,3.0
R Yeh,0.0
C Yepez,5.0
C Yerkes,3.2
A Yershova,3.8
D Yoerges,4.0
D Yomtoob,3.5
A Yong,4.2
J Yoo,0.0
S Yoon,3.8
J Yoon,1.2
G Yoon,2.3
B Young,4.8
J Young,0.0
J Young,0.0
S F Yousefian,0.0
M Yu,3.5
A Yu,4.4
H Yuan,3.8
J Yun,0.0
N Yunes,0.0
A Zachwieja,0.0
J Zager,4.5
A Zaharescu,4.5
R Zaimi,5.0
M Zaki,2.0
S Zalesov,1.5
A Zampa,0.0
K Zang,0.0
K Zang,0.0
A Zangerl,3.0
S Zank,2.5
C Zapata,5.0
C Zapatia,0.0
H Zengin,0.0
A Zerai,0.0
C Zhai,4.6
D Zhang,4.4
J Zhang,0.0
Y Zhang,4.0
J Zhang,0.0
S Zhang,0.0
G Zhang,4.3
X Zhang,0.0
J Zhang,0.0
X Zhang,0.0
K Zhang,0.0
S Zhang,0.0
S Zhang,0.0
R Zhao,0.0
K Zhao,3.1
L Zhao,1.5
R Zhao,0.0
S David Zhao,0.0
Z Zhao,1.0
H Zhao,1.0
V Zharnitsky,2.4
W Zhong,1.5
F Zhou,2.7
J Zhou,4.8
J Zhu,2.8
W Zhu,0.0
W Zhu,0.0
R Zhu,2.9
C Zi,3.0
A Ziegel,4.9
R Zielinski,4.0
H Zike,5.0
C Zilles,4.1
S Zimmerman,4.3
K Zobler,4.8
R Zoe,3.5
J Zoia,5.0
B Zong,1.0
S Zou,5.0
S Zumdahl,3.5
H Zupancic,4.8
J Zwilling,2.2
