courseDept,courseNum,GPA
AAS,100,3.58
AAS,105,3.69
AAS,120,3.21
AAS,200,3.71
AAS,211,3.47
AAS,215,3.37
AAS,246,3.71
AAS,258,3.78
AAS,287,3.86
AAS,315,3.37
AAS,365,3.32
AAS,370,3.03
ABE,100,3.66
ABE,141,3.47
ABE,199,3.97
ABE,221,3.56
ABE,222,3.2
ABE,223,3.48
ABE,224,3.65
ABE,225,3.24
ABE,226,3.34
ABE,341,3.09
ABE,361,3.37
ABE,425,3.71
ABE,430,3.61
ABE,436,3.33
ABE,446,3.7
ABE,456,3.82
ABE,457,3.87
ABE,466,3.33
ABE,469,3.61
ABE,483,3.58
ABE,488,3.54
ABE,498,3.81
ABE,501,3.83
ABE,598,3.67
ACCY,200,3.17
ACCY,201,3.19
ACCY,202,3.25
ACCY,301,3.34
ACCY,302,3.34
ACCY,303,3.34
ACCY,304,3.37
ACCY,312,3.28
ACCY,398,3.94
ACCY,405,3.39
ACCY,410,3.33
ACCY,415,3.28
ACCY,432,3.7
ACCY,451,3.36
ACCY,500,3.64
ACCY,501,3.54
ACCY,502,3.53
ACCY,503,3.58
ACCY,504,3.54
ACCY,505,3.64
ACCY,506,3.45
ACCY,507,3.75
ACCY,510,3.48
ACCY,511,3.52
ACCY,512,3.76
ACCY,515,3.45
ACCY,517,3.54
ACCY,518,3.97
ACCY,550,3.61
ACCY,551,3.37
ACCY,552,3.4
ACCY,553,3.55
ACCY,554,3.54
ACCY,555,3.51
ACCY,556,3.57
ACCY,557,3.6
ACCY,558,3.79
ACCY,559,3.65
ACCY,560,3.81
ACCY,561,3.48
ACCY,562,3.37
ACCY,563,3.56
ACCY,564,3.58
ACCY,569,3.55
ACCY,570,3.83
ACCY,571,3.57
ACCY,575,3.82
ACCY,576,3.94
ACCY,577,4.0
ACCY,593,3.71
ACE,100,2.89
ACE,161,3.6
ACE,199,3.75
ACE,210,3.27
ACE,222,3.26
ACE,231,3.45
ACE,232,3.13
ACE,240,3.42
ACE,251,3.24
ACE,254,3.1
ACE,255,3.68
ACE,261,3.0
ACE,264,2.96
ACE,270,2.96
ACE,300,3.41
ACE,306,3.34
ACE,310,3.33
ACE,332,3.45
ACE,335,3.66
ACE,341,3.7
ACE,345,3.55
ACE,346,3.42
ACE,360,3.44
ACE,398,3.75
ACE,403,3.25
ACE,406,2.88
ACE,411,3.37
ACE,427,3.18
ACE,428,3.22
ACE,430,3.07
ACE,431,3.34
ACE,432,3.66
ACE,435,3.35
ACE,440,3.21
ACE,444,3.29
ACE,445,3.28
ACE,446,3.06
ACE,447,3.62
ACE,448,3.23
ACE,449,3.18
ACE,451,3.1
ACE,454,2.93
ACE,455,3.36
ACE,456,3.41
ACE,471,3.4
ACE,474,2.95
ACE,476,3.12
ACE,499,3.3
ACE,562,3.74
ACE,563,3.73
ACE,564,3.73
ACE,592,3.49
ACES,101,3.82
ACES,102,3.8
ACES,179,3.1
ACES,199,3.51
ACES,409,3.1
ACES,501,3.9
ADV,150,3.56
ADV,199,3.9
ADV,270,3.75
ADV,281,2.95
ADV,283,3.79
ADV,284,3.62
ADV,290,3.84
ADV,300,3.4
ADV,305,3.69
ADV,310,3.21
ADV,311,3.46
ADV,312,2.9
ADV,320,3.6
ADV,350,3.65
ADV,370,3.55
ADV,390,3.05
ADV,393,3.69
ADV,400,3.68
ADV,409,3.76
ADV,410,3.65
ADV,411,3.7
ADV,412,3.0
ADV,450,3.09
ADV,460,3.49
ADV,475,3.07
ADV,476,3.57
ADV,478,3.33
ADV,481,3.03
ADV,483,3.36
ADV,490,3.69
ADV,491,3.46
ADV,492,3.8
ADV,493,3.55
ADV,494,3.57
ADV,498,3.83
ADV,550,3.51
ADV,580,3.77
ADV,581,3.43
ADV,582,3.82
ADV,587,3.67
ADV,588,3.61
AE,100,3.75
AE,199,3.63
AE,201,3.35
AE,202,3.4
AE,252,2.8
AE,302,3.46
AE,311,3.0
AE,312,2.98
AE,321,2.7
AE,322,2.47
AE,323,2.94
AE,352,3.17
AE,353,3.31
AE,360,3.41
AE,370,3.21
AE,402,3.24
AE,403,3.49
AE,410,3.52
AE,412,3.43
AE,416,3.14
AE,419,3.19
AE,433,3.26
AE,434,3.19
AE,435,3.25
AE,440,3.77
AE,441,3.68
AE,442,3.35
AE,443,3.59
AE,451,3.57
AE,454,3.56
AE,460,3.69
AE,461,3.69
AE,470,3.18
AE,483,3.65
AE,498,3.67
AE,504,3.76
AE,526,3.55
AFRO,100,3.44
AFRO,101,3.12
AFRO,103,3.17
AFRO,105,3.32
AFRO,132,3.52
AFRO,199,3.64
AFRO,224,3.78
AFRO,226,3.67
AFRO,227,3.46
AFRO,228,3.78
AFRO,231,3.76
AFRO,243,3.49
AFRO,261,3.48
AFRO,298,3.85
AFRO,342,2.59
AFRO,372,3.28
AFRO,378,3.62
AFRO,381,3.79
AFRO,383,3.45
AFRO,410,3.86
AFRO,411,3.35
AFST,210,3.38
AFST,222,3.66
AGCM,110,3.59
AGCM,220,3.54
AGCM,230,3.53
AGCM,270,3.54
AGCM,315,3.75
AGCM,320,3.39
AGCM,330,3.56
AGCM,430,3.46
AGED,100,3.69
AGED,140,3.66
AGED,220,3.17
AGED,230,3.53
AGED,260,3.53
AGED,280,3.51
AGED,300,3.71
AGED,310,3.57
AGED,340,3.65
AGED,360,3.64
AGED,380,3.66
AGED,421,3.54
AGED,430,3.84
AGED,480,3.79
AGED,499,3.75
AGED,550,3.56
AGED,551,3.68
AHS,125,3.94
AHS,199,3.8
AHS,365,3.95
AHS,399,3.87
AHS,494,3.77
AIS,101,3.51
AIS,140,3.55
AIS,265,3.57
AIS,275,3.62
AIS,285,3.57
ANSC,100,3.35
ANSC,101,3.58
ANSC,103,3.96
ANSC,109,3.53
ANSC,110,3.69
ANSC,199,3.88
ANSC,201,3.73
ANSC,205,3.7
ANSC,206,3.78
ANSC,207,3.49
ANSC,209,3.28
ANSC,210,3.37
ANSC,221,2.92
ANSC,222,2.62
ANSC,223,2.92
ANSC,224,2.86
ANSC,250,3.65
ANSC,251,2.86
ANSC,256,3.06
ANSC,294,3.97
ANSC,298,3.88
ANSC,299,3.83
ANSC,305,3.72
ANSC,306,3.74
ANSC,307,2.97
ANSC,309,3.64
ANSC,321,3.13
ANSC,322,3.19
ANSC,331,3.11
ANSC,350,3.6
ANSC,362,2.45
ANSC,363,3.76
ANSC,370,3.32
ANSC,398,3.91
ANSC,400,3.85
ANSC,401,3.72
ANSC,402,3.79
ANSC,403,3.64
ANSC,404,3.87
ANSC,406,3.43
ANSC,407,3.18
ANSC,409,3.63
ANSC,420,3.07
ANSC,421,3.67
ANSC,422,3.27
ANSC,424,3.47
ANSC,431,3.33
ANSC,437,3.19
ANSC,438,3.82
ANSC,444,3.69
ANSC,445,3.85
ANSC,446,3.46
ANSC,450,3.21
ANSC,452,3.64
ANSC,467,3.76
ANSC,498,3.86
ANSC,499,3.6
ANSC,520,3.46
ANSC,542,3.85
ANSC,561,3.78
ANTH,101,3.2
ANTH,102,3.02
ANTH,103,3.34
ANTH,104,3.51
ANTH,105,3.0
ANTH,106,3.59
ANTH,143,3.56
ANTH,150,3.58
ANTH,157,3.22
ANTH,160,3.2
ANTH,165,3.62
ANTH,175,3.37
ANTH,180,3.33
ANTH,182,3.44
ANTH,185,3.37
ANTH,199,3.33
ANTH,209,3.76
ANTH,220,3.29
ANTH,225,3.47
ANTH,230,3.36
ANTH,240,3.42
ANTH,241,3.48
ANTH,246,3.64
ANTH,249,3.48
ANTH,259,3.72
ANTH,262,3.06
ANTH,266,3.23
ANTH,268,3.23
ANTH,270,3.21
ANTH,271,3.18
ANTH,275,3.2
ANTH,277,3.34
ANTH,278,3.74
ANTH,280,3.37
ANTH,288,3.16
ANTH,343,3.69
ANTH,362,3.53
ANTH,363,3.21
ANTH,368,3.35
ANTH,372,3.93
ANTH,374,3.59
ANTH,375,3.54
ANTH,376,3.04
ANTH,379,3.16
ANTH,393,3.04
ANTH,399,3.61
ANTH,411,3.72
ANTH,414,3.32
ANTH,437,3.29
ANTH,441,3.68
ANTH,449,3.73
ANTH,459,3.61
ANTH,460,3.73
ANTH,462,3.58
ANTH,466,3.76
ANTH,498,3.52
ARAB,150,3.62
ARAB,201,3.46
ARAB,202,3.51
ARAB,403,3.55
ARAB,404,3.66
ARAB,405,3.62
ARCH,101,3.57
ARCH,171,3.39
ARCH,172,3.5
ARCH,199,3.68
ARCH,210,3.22
ARCH,231,3.4
ARCH,232,3.37
ARCH,233,3.37
ARCH,271,3.09
ARCH,272,3.17
ARCH,273,3.03
ARCH,274,2.97
ARCH,314,3.94
ARCH,321,3.39
ARCH,341,2.98
ARCH,342,3.09
ARCH,351,3.25
ARCH,352,3.28
ARCH,373,3.37
ARCH,374,3.39
ARCH,403,3.29
ARCH,407,3.33
ARCH,409,3.39
ARCH,410,3.13
ARCH,411,3.28
ARCH,412,3.04
ARCH,413,3.4
ARCH,414,3.5
ARCH,415,3.13
ARCH,416,3.35
ARCH,417,3.26
ARCH,423,3.8
ARCH,433,3.32
ARCH,435,3.1
ARCH,451,3.4
ARCH,452,3.46
ARCH,468,3.55
ARCH,475,3.34
ARCH,476,3.44
ARCH,480,3.65
ARCH,490,3.58
ARCH,501,3.49
ARCH,502,3.4
ARCH,517,3.58
ARCH,536,3.29
ARCH,537,3.43
ARCH,551,3.42
ARCH,553,3.3
ARCH,554,3.78
ARCH,556,3.63
ARCH,563,3.65
ARCH,577,3.18
ARCH,593,3.5
ARCH,595,3.61
ART,100,3.46
ART,102,3.7
ART,103,3.87
ART,104,3.94
ART,105,3.79
ART,140,3.67
ART,202,3.9
ART,205,3.49
ART,250,3.5
ART,299,3.67
ART,310,3.73
ARTD,101,3.59
ARTD,201,3.37
ARTD,202,3.42
ARTD,209,3.39
ARTD,211,3.71
ARTD,212,3.36
ARTD,213,3.76
ARTD,215,3.49
ARTD,216,3.4
ARTD,217,3.51
ARTD,218,3.65
ARTD,222,3.54
ARTD,225,3.22
ARTD,226,3.52
ARTD,228,3.19
ARTD,230,3.84
ARTD,251,3.59
ARTD,260,3.4
ARTD,261,3.89
ARTD,270,3.71
ARTD,299,3.66
ARTD,301,3.05
ARTD,302,3.16
ARTD,310,3.33
ARTD,313,3.53
ARTD,318,3.42
ARTD,326,3.4
ARTD,328,3.64
ARTD,330,3.29
ARTD,333,3.57
ARTD,351,3.71
ARTD,362,3.92
ARTD,371,3.69
ARTD,401,3.38
ARTD,402,3.42
ARTD,410,3.47
ARTD,411,3.59
ARTD,418,3.35
ARTD,420,3.88
ARTD,426,3.54
ARTD,444,3.76
ARTD,445,3.39
ARTD,448,3.51
ARTD,471,3.76
ARTD,499,3.41
ARTE,101,3.54
ARTE,201,3.72
ARTE,202,3.85
ARTE,475,3.92
ARTF,101,3.44
ARTF,102,3.72
ARTF,103,3.83
ARTF,104,3.52
ARTH,110,3.41
ARTH,111,3.3
ARTH,112,3.29
ARTH,113,3.32
ARTH,114,2.88
ARTH,115,3.23
ARTH,127,3.89
ARTH,211,3.15
ARTH,215,3.0
ARTH,222,3.21
ARTH,231,3.37
ARTH,235,3.25
ARTH,240,3.25
ARTH,241,3.47
ARTH,242,3.51
ARTH,250,3.35
ARTH,257,3.06
ARTH,260,3.13
ARTH,299,3.39
ARTH,310,3.35
ARTH,312,3.56
ARTH,313,3.37
ARTH,344,3.03
ARTH,350,3.07
ARTH,351,3.35
ARTH,360,3.14
ARTH,395,3.31
ARTH,402,3.27
ARTH,403,3.25
ARTH,413,3.51
ARTH,433,3.19
ARTH,435,3.63
ARTH,436,3.14
ARTH,441,3.3
ARTH,445,3.78
ARTH,446,3.23
ARTH,495,3.39
ARTS,250,3.56
ARTS,251,3.61
ARTS,261,3.98
ARTS,280,3.46
ARTS,299,3.92
ARTS,350,3.38
ARTS,351,3.51
ARTS,450,3.38
ARTS,451,3.61
ARTS,499,3.71
ASRM,199,3.71
ASRM,210,3.11
ASRM,406,3.37
ASRM,409,3.59
ASRM,410,3.25
ASRM,461,3.46
ASRM,469,2.82
ASRM,471,3.3
ASRM,472,3.23
ASRM,510,3.62
ASRM,552,3.46
ASTR,100,3.24
ASTR,121,3.04
ASTR,122,3.25
ASTR,150,3.46
ASTR,210,3.13
ASTR,310,3.07
ASTR,330,3.62
ASTR,350,3.39
ASTR,404,3.13
ASTR,405,3.12
ASTR,406,3.17
ASTR,414,3.19
ASTR,496,3.69
ASTR,507,3.82
ATMS,100,3.38
ATMS,120,3.72
ATMS,140,3.36
ATMS,201,3.77
ATMS,205,3.68
ATMS,301,3.2
ATMS,302,2.83
ATMS,303,2.97
ATMS,304,3.04
ATMS,305,3.36
ATMS,307,2.92
ATMS,313,3.14
ATMS,314,2.92
ATMS,315,3.96
ATMS,322,3.45
ATMS,323,3.43
ATMS,391,3.48
ATMS,401,3.42
ATMS,404,3.46
ATMS,410,3.08
ATMS,420,3.65
ATMS,421,3.61
ATMS,444,3.87
ATMS,447,3.21
ATMS,491,3.45
ATMS,492,3.83
ATMS,502,3.7
AVI,101,3.34
AVI,130,3.06
AVI,140,3.47
AVI,184,3.46
AVI,200,3.33
AVI,210,3.17
AVI,384,3.11
AVI,455,3.33
AVI,497,3.4
BADM,199,3.91
BADM,210,3.48
BADM,211,3.66
BADM,261,3.97
BADM,275,3.52
BADM,300,3.3
BADM,310,3.47
BADM,311,3.55
BADM,312,3.47
BADM,313,3.48
BADM,314,3.46
BADM,320,3.71
BADM,321,3.63
BADM,322,3.58
BADM,323,3.6
BADM,324,3.74
BADM,325,3.69
BADM,326,3.6
BADM,327,3.73
BADM,329,3.69
BADM,330,3.9
BADM,335,3.56
BADM,336,3.57
BADM,337,3.83
BADM,340,3.69
BADM,350,3.54
BADM,351,3.8
BADM,352,3.46
BADM,353,3.6
BADM,356,3.73
BADM,359,3.87
BADM,365,3.83
BADM,366,3.9
BADM,367,3.71
BADM,374,3.43
BADM,375,3.31
BADM,377,3.35
BADM,378,3.13
BADM,379,3.32
BADM,380,3.64
BADM,381,3.75
BADM,382,3.69
BADM,394,3.98
BADM,395,3.62
BADM,403,3.56
BADM,420,3.81
BADM,445,3.74
BADM,446,3.67
BADM,449,3.64
BADM,453,3.81
BADM,460,3.64
BADM,461,3.98
BADM,501,3.71
BADM,508,3.61
BADM,509,3.7
BADM,514,3.65
BADM,520,3.77
BADM,521,3.69
BADM,524,3.77
BADM,525,3.58
BADM,528,3.6
BADM,529,3.75
BADM,532,3.93
BADM,540,3.93
BADM,543,3.56
BADM,544,3.53
BADM,550,3.73
BADM,551,3.75
BADM,552,3.8
BADM,553,3.55
BADM,554,3.24
BADM,555,3.7
BADM,556,3.89
BADM,557,3.78
BADM,559,3.76
BADM,562,3.85
BADM,564,3.52
BADM,566,3.44
BADM,567,3.55
BADM,572,3.59
BADM,573,3.52
BADM,574,3.55
BADM,576,3.77
BADM,577,3.71
BADM,582,3.75
BADM,583,3.74
BADM,584,3.69
BADM,586,3.9
BADM,588,3.89
BADM,589,3.5
BADM,590,3.82
BADM,593,3.51
BADM,595,3.68
BCOG,301,3.49
BCS,115,3.63
BIOC,445,3.83
BIOC,446,3.45
BIOC,455,3.19
BIOC,460,3.42
BIOE,100,3.97
BIOE,120,3.83
BIOE,199,3.81
BIOE,201,3.69
BIOE,202,3.4
BIOE,205,3.17
BIOE,206,3.2
BIOE,210,3.46
BIOE,220,3.57
BIOE,298,3.4
BIOE,301,3.49
BIOE,302,3.44
BIOE,303,3.78
BIOE,310,3.62
BIOE,360,3.57
BIOE,398,3.86
BIOE,414,3.36
BIOE,415,3.74
BIOE,420,3.69
BIOE,430,3.73
BIOE,435,3.84
BIOE,436,3.95
BIOE,476,3.6
BIOE,479,3.96
BIOE,498,3.82
BIOE,502,3.83
BIOE,504,3.7
BIOE,505,3.64
BIOE,507,3.91
BIOE,573,3.36
BIOE,574,3.81
BIOE,575,3.78
BIOE,598,3.77
BIOP,401,3.65
BTW,250,3.58
BTW,261,3.64
BTW,263,3.61
BTW,271,3.63
BUS,101,3.83
BUS,120,3.93
BUS,199,3.87
BUS,201,3.86
BUS,301,3.84
BUS,302,3.9
CB,624,3.69
CB,626,3.88
CEE,195,3.72
CEE,201,3.16
CEE,202,3.16
CEE,300,3.0
CEE,310,3.09
CEE,320,3.49
CEE,330,3.45
CEE,340,3.4
CEE,350,3.41
CEE,360,3.07
CEE,380,2.88
CEE,398,3.64
CEE,401,3.44
CEE,406,3.14
CEE,407,3.38
CEE,408,3.2
CEE,409,3.49
CEE,410,3.26
CEE,411,3.3
CEE,412,3.82
CEE,415,3.04
CEE,416,3.19
CEE,418,3.32
CEE,420,3.48
CEE,421,3.5
CEE,422,3.4
CEE,424,3.46
CEE,430,3.56
CEE,432,3.64
CEE,433,3.47
CEE,434,3.62
CEE,437,3.36
CEE,438,3.58
CEE,440,3.34
CEE,442,3.63
CEE,443,3.34
CEE,444,3.41
CEE,446,3.22
CEE,447,3.18
CEE,449,3.36
CEE,450,3.67
CEE,452,3.58
CEE,453,3.32
CEE,457,3.29
CEE,458,3.8
CEE,460,3.32
CEE,461,3.19
CEE,462,3.43
CEE,463,3.47
CEE,465,3.32
CEE,467,3.08
CEE,468,3.57
CEE,469,3.55
CEE,470,3.24
CEE,471,3.17
CEE,472,3.49
CEE,480,2.9
CEE,483,3.07
CEE,484,3.25
CEE,491,3.32
CEE,493,3.89
CEE,498,3.76
CEE,506,3.36
CEE,507,3.76
CEE,508,3.49
CEE,509,3.45
CEE,512,3.53
CEE,515,3.36
CEE,517,3.39
CEE,524,3.73
CEE,525,3.73
CEE,526,3.79
CEE,527,3.74
CEE,528,3.69
CEE,537,3.46
CEE,538,3.63
CEE,540,3.74
CEE,557,3.79
CEE,559,3.81
CEE,560,3.5
CEE,561,3.8
CEE,570,3.3
CEE,572,3.73
CEE,575,3.63
CEE,576,3.77
CEE,580,3.36
CEE,585,4.0
CEE,586,3.44
CEE,590,3.45
CEE,592,3.83
CEE,598,3.7
CHBE,101,3.35
CHBE,221,2.66
CHBE,321,2.98
CHBE,421,2.77
CHBE,422,2.87
CHBE,424,2.88
CHBE,430,3.19
CHBE,431,3.09
CHBE,440,3.1
CHBE,452,3.67
CHBE,453,3.85
CHBE,455,3.05
CHBE,456,3.16
CHBE,457,2.95
CHBE,471,3.12
CHBE,472,3.05
CHBE,473,2.96
CHBE,474,3.3
CHBE,475,3.38
CHBE,476,3.67
CHBE,478,3.01
CHBE,494,3.42
CHBE,521,3.56
CHBE,522,3.61
CHBE,523,3.48
CHBE,525,3.57
CHBE,551,3.5
CHBE,571,3.82
CHBE,594,3.67
CHEM,101,2.74
CHEM,102,2.52
CHEM,103,3.59
CHEM,104,2.65
CHEM,105,3.59
CHEM,108,3.74
CHEM,199,3.92
CHEM,202,2.72
CHEM,203,3.09
CHEM,204,2.74
CHEM,205,3.02
CHEM,222,3.5
CHEM,223,3.14
CHEM,232,2.68
CHEM,233,3.28
CHEM,236,2.87
CHEM,237,2.89
CHEM,312,2.9
CHEM,315,3.07
CHEM,317,3.26
CHEM,332,2.83
CHEM,360,3.41
CHEM,420,2.99
CHEM,436,2.86
CHEM,437,3.38
CHEM,440,3.2
CHEM,442,3.28
CHEM,444,3.05
CHEM,445,3.69
CHEM,460,3.25
CHEM,474,3.11
CHEM,483,3.46
CHEM,492,3.77
CHEM,512,3.58
CHEM,524,3.71
CHEM,530,3.5
CHEM,532,3.47
CHEM,534,3.34
CHEM,540,3.51
CHEM,544,3.55
CHEM,570,3.49
CHEM,572,3.71
CHEM,574,3.56
CHEM,576,3.81
CHEM,584,3.58
CHEM,588,3.71
CHEM,590,3.48
CHIN,203,3.4
CHIN,242,2.75
CHLH,100,3.51
CHLH,101,3.4
CHLH,110,3.37
CHLH,111,3.79
CHLH,125,3.83
CHLH,199,3.69
CHLH,200,3.5
CHLH,201,3.51
CHLH,206,3.41
CHLH,210,3.59
CHLH,243,3.66
CHLH,244,3.0
CHLH,250,3.57
CHLH,260,3.63
CHLH,274,3.3
CHLH,304,3.65
CHLH,314,3.76
CHLH,380,3.92
CHLH,404,3.75
CHLH,407,3.89
CHLH,409,3.59
CHLH,410,3.55
CHLH,415,3.57
CHLH,421,3.59
CHLH,455,3.62
CHLH,456,3.65
CHLH,457,3.67
CHLH,458,3.56
CHLH,469,3.67
CHLH,474,3.53
CHLH,494,3.78
CHLH,510,3.87
CHLH,540,3.5
CHLH,550,3.94
CHLH,572,3.57
CHLH,573,3.56
CHLH,577,3.92
CHLH,594,3.76
CHP,199,3.87
CI,210,3.86
CI,335,3.85
CI,401,3.76
CI,402,3.8
CI,403,3.8
CI,404,3.79
CI,405,3.76
CI,406,3.78
CI,407,3.79
CI,410,3.71
CI,415,3.78
CI,420,3.47
CI,421,3.41
CI,422,3.8
CI,424,3.87
CI,430,3.77
CI,431,3.72
CI,432,3.87
CI,433,3.78
CI,435,3.97
CI,437,3.86
CI,444,3.94
CI,446,3.77
CI,447,3.93
CI,448,3.85
CI,450,3.71
CI,451,3.88
CI,452,3.84
CI,465,3.46
CI,466,3.92
CI,467,3.68
CI,468,3.79
CI,471,3.64
CI,472,3.96
CI,473,3.95
CI,475,3.78
CI,476,3.8
CI,477,3.85
CI,499,3.76
CI,507,3.28
CI,509,3.76
CI,517,3.83
CI,522,3.86
CI,541,3.61
CI,550,3.79
CINE,193,3.43
CINE,247,3.44
CINE,261,3.44
CINE,262,3.17
CINE,361,3.03
CINE,395,3.35
CINE,495,3.33
CLCV,100,3.02
CLCV,102,3.47
CLCV,111,3.12
CLCV,114,3.28
CLCV,115,3.5
CLCV,116,3.37
CLCV,120,3.66
CLCV,131,3.39
CLCV,132,3.16
CLCV,160,3.41
CLCV,206,3.84
CLCV,220,3.36
CLCV,221,3.28
CLCV,222,3.61
CLCV,224,3.9
CLCV,225,3.8
CLCV,231,3.55
CLCV,232,3.55
CLCV,240,3.41
CLCV,323,3.4
CLCV,443,3.17
CLCV,444,3.15
CMN,101,3.37
CMN,102,3.15
CMN,111,3.58
CMN,112,3.66
CMN,113,3.4
CMN,115,3.29
CMN,199,3.85
CMN,210,3.19
CMN,211,3.48
CMN,212,3.29
CMN,213,3.69
CMN,215,3.5
CMN,220,3.43
CMN,230,3.23
CMN,231,3.48
CMN,232,3.48
CMN,250,3.43
CMN,260,3.23
CMN,275,3.1
CMN,277,2.88
CMN,280,3.33
CMN,304,3.91
CMN,310,2.98
CMN,312,3.3
CMN,320,3.72
CMN,321,2.67
CMN,323,3.56
CMN,326,3.11
CMN,336,3.2
CMN,338,3.08
CMN,340,3.46
CMN,345,2.85
CMN,361,3.38
CMN,362,3.15
CMN,368,3.22
CMN,370,3.67
CMN,375,3.14
CMN,377,3.22
CMN,396,3.15
CMN,410,3.5
CMN,411,3.44
CMN,412,3.28
CMN,413,3.74
CMN,415,3.54
CMN,416,3.22
CMN,421,3.14
CMN,423,3.46
CMN,424,3.28
CMN,427,2.69
CMN,428,2.75
CMN,429,2.98
CMN,432,3.86
CMN,435,3.53
CMN,437,3.17
CMN,450,3.35
CMN,462,3.25
CMN,463,3.38
CMN,464,3.39
CMN,465,3.6
CMN,476,3.51
CMN,496,3.29
CMN,502,3.94
CMN,503,3.73
CMN,504,3.92
CMN,506,3.94
CMN,529,4.0
CMN,595,3.8
CPSC,112,3.16
CPSC,113,3.45
CPSC,116,3.82
CPSC,117,3.85
CPSC,131,3.68
CPSC,213,3.33
CPSC,215,3.04
CPSC,226,2.95
CPSC,241,2.88
CPSC,261,3.27
CPSC,265,3.9
CPSC,270,3.13
CPSC,336,3.38
CPSC,352,3.17
CPSC,412,3.56
CPSC,414,3.74
CPSC,415,3.79
CPSC,418,3.71
CPSC,419,3.95
CPSC,426,3.49
CPSC,431,3.35
CPSC,437,3.71
CPSC,440,3.28
CPSC,441,3.61
CPSC,452,3.79
CPSC,453,3.55
CPSC,454,3.92
CPSC,466,3.71
CPSC,484,3.52
CPSC,498,3.92
CPSC,499,3.95
CPSC,518,3.79
CPSC,541,3.55
CPSC,542,3.44
CPSC,543,3.84
CPSC,563,3.91
CPSC,564,3.59
CPSC,565,3.83
CPSC,588,3.65
CPSC,593,3.81
CS,100,3.76
CS,101,3.38
CS,105,3.33
CS,125,3.44
CS,126,3.59
CS,173,3.03
CS,196,3.77
CS,199,3.81
CS,210,3.65
CS,225,3.22
CS,231,2.84
CS,232,3.16
CS,233,3.2
CS,241,2.84
CS,242,3.47
CS,296,3.74
CS,357,3.16
CS,361,3.4
CS,373,3.0
CS,374,2.67
CS,398,3.06
CS,410,3.85
CS,411,3.38
CS,412,3.39
CS,414,3.21
CS,418,3.33
CS,419,3.55
CS,420,3.29
CS,421,3.4
CS,422,3.79
CS,423,3.44
CS,424,3.54
CS,425,3.27
CS,426,3.38
CS,427,3.46
CS,428,3.53
CS,429,3.42
CS,431,3.1
CS,433,3.37
CS,438,3.15
CS,440,3.25
CS,445,3.61
CS,446,3.44
CS,447,3.58
CS,450,3.16
CS,457,2.86
CS,460,3.73
CS,461,3.08
CS,463,3.36
CS,465,3.22
CS,466,3.61
CS,467,3.73
CS,473,2.72
CS,477,3.52
CS,484,3.19
CS,492,3.53
CS,493,3.68
CS,494,3.61
CS,498,3.53
CS,510,3.81
CS,511,3.64
CS,512,3.71
CS,513,3.98
CS,519,3.7
CS,523,3.72
CS,525,3.72
CS,527,3.72
CS,528,3.6
CS,533,3.65
CS,538,3.81
CS,544,3.96
CS,546,3.82
CS,548,3.39
CS,554,3.64
CS,555,3.75
CS,556,3.56
CS,563,3.51
CS,565,3.68
CS,573,3.46
CS,574,3.29
CS,579,3.66
CS,583,3.92
CS,598,3.8
CW,100,3.61
CW,200,3.36
CW,243,3.43
CWL,114,3.41
CWL,151,3.82
CWL,189,3.57
CWL,190,3.14
CWL,207,3.9
CWL,208,3.84
CWL,241,3.64
CWL,242,3.61
CWL,450,3.71
DANC,100,3.78
DANC,101,3.8
DANC,102,3.75
DANC,105,3.81
DANC,106,3.82
DANC,107,3.8
DANC,109,3.67
DANC,112,3.73
DANC,120,3.71
DANC,121,3.89
DANC,125,2.89
DANC,131,3.9
DANC,150,3.92
DANC,160,3.41
DANC,162,3.65
DANC,166,3.85
DANC,167,2.95
DANC,175,3.62
DANC,200,3.71
DANC,201,3.68
DANC,212,3.62
DANC,240,3.94
DANC,259,3.95
DANC,260,3.48
DANC,261,3.44
DANC,266,3.53
DANC,268,3.41
DANC,301,3.62
DANC,310,3.64
DANC,340,3.4
DANC,360,3.49
DANC,362,3.88
DANC,363,3.95
DANC,366,3.28
DANC,410,3.21
DANC,440,3.4
EALC,122,3.66
EALC,130,3.56
EALC,199,3.37
EALC,222,2.91
EALC,230,3.75
EALC,240,3.52
EALC,250,3.16
EALC,275,3.4
EALC,285,3.48
EALC,287,3.1
EALC,305,3.36
EALC,306,3.35
EALC,307,3.14
EALC,308,3.61
EALC,361,3.3
EALC,365,3.62
EALC,367,3.91
EALC,398,3.56
EALC,415,3.49
ECE,101,3.19
ECE,110,3.31
ECE,120,3.12
ECE,190,2.78
ECE,198,2.89
ECE,199,3.75
ECE,205,3.03
ECE,206,3.74
ECE,210,2.77
ECE,211,2.79
ECE,220,2.99
ECE,290,2.94
ECE,298,3.62
ECE,304,3.05
ECE,307,3.12
ECE,310,3.02
ECE,311,3.57
ECE,313,2.78
ECE,314,3.81
ECE,316,3.66
ECE,317,3.68
ECE,329,3.01
ECE,330,2.73
ECE,333,3.22
ECE,340,2.78
ECE,342,3.1
ECE,343,3.76
ECE,350,3.2
ECE,361,3.17
ECE,365,3.58
ECE,380,3.23
ECE,385,3.22
ECE,391,3.07
ECE,395,3.68
ECE,398,3.52
ECE,401,3.79
ECE,402,3.53
ECE,403,3.74
ECE,408,3.33
ECE,410,2.77
ECE,411,3.03
ECE,416,3.26
ECE,417,3.61
ECE,418,3.46
ECE,420,3.63
ECE,425,3.21
ECE,430,2.67
ECE,431,3.19
ECE,434,3.69
ECE,435,3.73
ECE,437,3.74
ECE,439,3.55
ECE,440,2.87
ECE,441,3.31
ECE,442,3.14
ECE,443,3.49
ECE,444,3.36
ECE,445,3.2
ECE,447,3.7
ECE,450,3.31
ECE,451,3.7
ECE,452,3.59
ECE,453,3.15
ECE,454,3.38
ECE,455,3.19
ECE,456,3.34
ECE,457,3.37
ECE,458,3.29
ECE,459,3.22
ECE,460,3.81
ECE,461,3.23
ECE,462,3.24
ECE,464,3.06
ECE,468,3.52
ECE,469,3.56
ECE,470,3.23
ECE,473,3.21
ECE,476,3.07
ECE,480,3.4
ECE,481,3.62
ECE,482,3.11
ECE,483,3.38
ECE,485,3.57
ECE,486,3.41
ECE,488,3.55
ECE,490,3.54
ECE,498,3.27
ECE,508,3.78
ECE,510,3.67
ECE,511,3.63
ECE,515,3.56
ECE,517,3.79
ECE,518,3.8
ECE,520,3.62
ECE,526,3.6
ECE,527,3.71
ECE,528,3.71
ECE,532,3.73
ECE,534,3.59
ECE,535,3.46
ECE,536,3.76
ECE,540,3.89
ECE,541,3.61
ECE,543,3.79
ECE,544,3.67
ECE,546,3.85
ECE,547,3.84
ECE,549,3.75
ECE,550,3.79
ECE,551,3.66
ECE,553,3.91
ECE,554,3.91
ECE,561,3.77
ECE,563,3.68
ECE,564,3.75
ECE,566,3.66
ECE,569,3.88
ECE,576,3.9
ECE,580,3.74
ECE,581,3.76
ECE,586,3.83
ECE,598,3.76
ECON,102,3.45
ECON,103,2.99
ECON,199,3.7
ECON,202,2.99
ECON,203,2.88
ECON,220,2.97
ECON,302,2.97
ECON,303,3.03
ECON,402,3.24
ECON,411,2.91
ECON,414,3.17
ECON,415,3.07
ECON,417,3.06
ECON,418,3.35
ECON,420,3.26
ECON,425,3.31
ECON,426,3.19
ECON,437,3.17
ECON,440,3.22
ECON,442,3.13
ECON,447,3.21
ECON,448,3.08
ECON,450,3.25
ECON,451,3.48
ECON,452,3.36
ECON,453,3.51
ECON,455,3.57
ECON,460,3.44
ECON,462,3.24
ECON,465,3.33
ECON,469,3.46
ECON,471,2.93
ECON,472,3.4
ECON,474,3.4
ECON,475,3.41
ECON,480,3.15
ECON,481,3.37
ECON,482,3.39
ECON,483,3.45
ECON,484,3.19
ECON,490,3.27
ECON,500,3.4
ECON,501,3.66
ECON,502,3.37
ECON,503,3.56
ECON,504,3.73
ECON,505,3.68
ECON,506,3.48
ECON,507,3.46
ECON,508,3.59
ECON,509,3.58
ECON,510,3.71
ECON,511,3.4
ECON,512,3.52
ECON,513,3.44
ECON,514,3.53
ECON,516,3.65
ECON,517,3.5
ECON,519,3.55
ECON,520,3.55
ECON,522,3.52
ECON,523,3.77
ECON,528,3.65
ECON,529,3.76
ECON,530,3.54
ECON,531,3.48
ECON,532,3.66
ECON,533,3.44
ECON,534,3.31
ECON,535,3.55
ECON,536,3.61
ECON,550,3.65
ECON,563,3.52
ECON,564,3.64
ECON,565,3.37
ECON,567,3.72
ECON,568,3.67
ECON,576,3.7
ECON,590,3.64
EDUC,101,3.9
EDUC,201,3.8
EDUC,202,3.74
EIL,411,3.83
EIL,422,3.68
EIL,445,3.89
EIL,456,3.54
EIL,460,3.78
EIL,486,3.74
EIL,488,3.87
EIL,489,3.5
ENG,101,3.56
ENG,110,3.56
ENG,177,3.85
ENG,191,3.82
ENG,198,3.76
ENG,199,3.78
ENG,200,3.77
ENG,250,3.87
ENG,298,3.68
ENG,315,3.57
ENG,333,3.64
ENG,360,3.66
ENG,398,3.85
ENG,450,3.66
ENG,451,3.67
ENG,460,3.82
ENG,461,3.86
ENG,465,3.85
ENG,466,3.62
ENG,471,3.74
ENG,491,3.66
ENG,498,3.89
ENG,560,3.5
ENG,565,3.86
ENG,566,3.87
ENG,567,3.9
ENG,571,3.84
ENG,598,3.6
ENGL,101,3.4
ENGL,102,3.35
ENGL,103,3.35
ENGL,104,3.28
ENGL,106,3.41
ENGL,109,3.49
ENGL,115,3.56
ENGL,116,3.55
ENGL,117,3.74
ENGL,119,3.5
ENGL,120,3.53
ENGL,121,3.51
ENGL,122,3.48
ENGL,199,3.74
ENGL,200,3.5
ENGL,202,3.38
ENGL,204,3.46
ENGL,206,3.52
ENGL,207,3.4
ENGL,208,3.32
ENGL,210,3.42
ENGL,213,3.27
ENGL,216,3.51
ENGL,218,3.58
ENGL,219,3.52
ENGL,241,3.22
ENGL,242,3.68
ENGL,245,3.51
ENGL,247,3.43
ENGL,248,3.5
ENGL,250,3.43
ENGL,251,3.35
ENGL,253,3.53
ENGL,256,3.68
ENGL,259,3.63
ENGL,260,3.55
ENGL,261,3.28
ENGL,270,3.24
ENGL,272,3.57
ENGL,273,3.37
ENGL,274,3.32
ENGL,276,3.62
ENGL,280,3.4
ENGL,281,3.48
ENGL,285,3.54
ENGL,286,3.41
ENGL,300,3.43
ENGL,301,3.54
ENGL,310,3.72
ENGL,325,3.79
ENGL,330,3.32
ENGL,350,3.65
ENGL,373,3.4
ENGL,380,3.43
ENGL,401,3.7
ENGL,402,3.47
ENGL,403,3.37
ENGL,407,3.37
ENGL,412,3.21
ENGL,416,3.63
ENGL,418,3.42
ENGL,419,3.17
ENGL,421,3.17
ENGL,423,3.28
ENGL,426,3.64
ENGL,427,3.27
ENGL,428,3.39
ENGL,429,3.63
ENGL,431,3.37
ENGL,435,3.36
ENGL,442,3.59
ENGL,449,3.52
ENGL,450,3.42
ENGL,451,3.4
ENGL,452,3.34
ENGL,455,3.48
ENGL,460,3.1
ENGL,461,3.44
ENGL,462,3.68
ENGL,465,3.65
ENGL,475,3.57
ENGL,481,3.82
ENSU,310,3.62
ENSU,410,3.92
ENVS,301,3.51
EOL,440,3.85
EOL,540,3.91
EOL,541,3.72
EOL,542,3.81
EOL,543,3.75
EOL,546,3.73
EOL,547,3.67
EOL,548,3.88
EOL,568,3.87
EOL,570,3.75
EOL,571,3.79
EOL,572,3.95
EOL,574,3.56
EOL,580,3.97
EOL,585,3.93
EPOL,500,3.97
EPOL,550,3.9
EPOL,585,3.77
EPS,201,3.77
EPS,202,3.78
EPS,310,3.58
EPS,325,3.61
EPS,400,3.88
EPS,402,3.69
EPS,405,3.87
EPS,410,3.74
EPS,411,3.67
EPS,412,3.59
EPS,413,3.88
EPS,415,3.8
EPS,420,3.56
EPS,421,3.39
EPS,423,3.84
EPS,427,3.91
EPS,500,3.9
EPS,529,3.86
EPS,530,3.72
EPS,533,3.8
EPS,535,3.96
EPS,536,3.91
EPS,537,3.86
EPS,538,3.79
EPS,550,3.78
EPS,580,3.89
EPS,590,3.88
EPSY,200,3.97
EPSY,201,3.82
EPSY,202,3.51
EPSY,203,3.55
EPSY,220,3.72
EPSY,236,3.7
EPSY,252,3.85
EPSY,400,3.79
EPSY,401,3.67
EPSY,404,3.94
EPSY,407,3.8
EPSY,408,3.93
EPSY,420,3.29
EPSY,430,3.84
EPSY,456,3.49
EPSY,470,3.81
EPSY,471,3.75
EPSY,474,3.9
EPSY,480,3.72
EPSY,485,3.76
EPSY,490,3.95
EPSY,553,3.86
EPSY,556,3.88
EPSY,575,3.72
EPSY,577,3.69
EPSY,578,3.92
EPSY,580,3.69
EPSY,581,3.63
EPSY,582,3.41
EPSY,585,3.9
EPSY,587,3.8
EPSY,589,3.67
EPSY,590,3.82
ESE,100,3.25
ESE,200,3.18
ESE,311,3.41
ESE,320,3.42
ESE,360,3.45
ESE,389,3.86
ESE,445,3.61
ESE,482,3.23
ESE,486,3.58
ESE,497,3.48
ESL,114,3.47
ESL,115,3.72
EURO,199,3.67
EURO,415,3.87
EURO,501,3.62
FAA,101,3.64
FAA,102,3.4
FAA,110,3.95
FAA,202,3.8
FAA,220,3.9
FAA,499,3.53
FIN,221,3.17
FIN,230,3.26
FIN,232,2.8
FIN,241,3.54
FIN,300,2.73
FIN,311,3.29
FIN,321,3.31
FIN,390,3.93
FIN,392,3.82
FIN,411,3.39
FIN,412,3.26
FIN,418,3.69
FIN,419,3.3
FIN,422,3.59
FIN,423,3.76
FIN,424,3.44
FIN,425,3.61
FIN,431,3.59
FIN,432,3.56
FIN,433,3.91
FIN,434,3.35
FIN,435,3.49
FIN,443,3.47
FIN,444,3.8
FIN,445,3.77
FIN,446,3.68
FIN,447,3.97
FIN,451,3.45
FIN,461,3.48
FIN,463,3.59
FIN,490,3.76
FIN,500,3.68
FIN,501,3.5
FIN,502,3.64
FIN,511,3.54
FIN,512,3.56
FIN,513,3.34
FIN,514,3.57
FIN,515,3.48
FIN,516,3.61
FIN,518,3.94
FIN,520,3.68
FIN,521,3.51
FIN,522,3.65
FIN,524,3.54
FIN,526,3.71
FIN,527,3.76
FIN,530,3.77
FIN,536,3.52
FIN,541,3.79
FIN,544,3.78
FIN,545,3.76
FIN,546,3.75
FIN,551,3.4
FIN,561,3.47
FIN,563,3.67
FIN,566,3.55
FIN,567,3.64
FIN,568,3.79
FIN,570,3.4
FIN,571,3.49
FIN,572,3.34
FIN,573,3.45
FIN,574,3.67
FIN,575,3.56
FIN,578,3.62
FIN,579,3.58
FIN,580,3.67
FR,101,3.23
FR,102,3.3
FR,103,3.19
FR,104,3.3
FR,133,3.47
FR,134,3.35
FR,156,3.59
FR,199,3.69
FR,205,3.2
FR,387,3.67
FR,418,3.64
FR,435,3.03
FR,436,3.72
FSHN,101,3.3
FSHN,120,3.53
FSHN,125,3.71
FSHN,131,3.5
FSHN,140,3.67
FSHN,145,3.74
FSHN,150,3.79
FSHN,175,3.39
FSHN,199,3.76
FSHN,220,3.57
FSHN,232,3.45
FSHN,260,3.58
FSHN,302,3.81
FSHN,304,3.73
FSHN,312,3.7
FSHN,322,3.85
FSHN,329,3.85
FSHN,332,3.41
FSHN,340,3.85
FSHN,343,3.83
FSHN,344,3.87
FSHN,345,3.88
FSHN,349,3.57
FSHN,398,3.59
FSHN,414,3.65
FSHN,416,3.66
FSHN,418,3.45
FSHN,419,3.97
FSHN,420,3.36
FSHN,421,3.55
FSHN,426,3.74
FSHN,427,3.4
FSHN,428,3.61
FSHN,429,3.78
FSHN,442,3.73
FSHN,443,3.65
FSHN,450,3.88
FSHN,460,3.54
FSHN,461,3.53
FSHN,462,3.53
FSHN,464,3.86
FSHN,465,3.75
FSHN,466,3.8
FSHN,469,3.87
FSHN,471,3.45
FSHN,472,3.59
FSHN,480,3.38
FSHN,499,3.85
FSHN,502,3.98
FSHN,514,3.89
FSHN,517,3.64
FSHN,518,3.94
FSHN,519,3.98
FSHN,573,3.88
FSHN,595,3.9
GCL,124,3.56
GCL,125,3.59
GCL,126,3.59
GCL,129,3.48
GCL,143,3.84
GCL,144,3.86
GCL,145,3.71
GCL,146,3.17
GCL,147,3.46
GCL,148,3.75
GCL,185,3.67
GCL,186,3.22
GCL,187,3.67
GCL,188,3.91
GCL,195,3.86
GCL,199,3.71
GCL,200,3.57
GCL,210,3.16
GE,100,3.9
GE,101,3.29
GE,161,3.08
GE,261,3.22
GE,310,3.35
GE,311,3.11
GE,312,3.24
GE,320,3.24
GE,330,3.3
GE,331,2.74
GE,361,3.56
GE,400,3.57
GE,402,3.54
GE,410,3.27
GE,413,3.17
GE,420,3.33
GE,422,3.11
GE,423,3.76
GE,424,3.22
GE,450,3.64
GE,494,3.89
GE,495,3.89
GE,530,3.85
GEOG,101,3.42
GEOG,103,3.3
GEOG,104,3.15
GEOG,105,3.35
GEOG,106,3.44
GEOG,110,3.34
GEOG,204,3.19
GEOG,205,3.4
GEOG,210,3.27
GEOG,221,3.41
GEOG,222,3.49
GEOG,254,3.93
GEOG,310,3.26
GEOG,350,3.47
GEOG,371,3.09
GEOG,379,3.25
GEOG,380,3.46
GEOG,384,3.19
GEOG,406,3.3
GEOG,410,3.73
GEOG,412,3.67
GEOG,438,3.56
GEOG,440,3.76
GEOG,455,3.58
GEOG,465,3.56
GEOG,466,3.5
GEOG,468,3.81
GEOG,471,3.89
GEOG,473,3.8
GEOG,476,3.88
GEOG,477,3.2
GEOG,479,3.6
GEOG,480,3.59
GEOG,481,3.44
GEOG,483,3.42
GEOG,489,3.74
GEOG,570,3.49
GEOL,100,3.15
GEOL,101,3.33
GEOL,103,3.1
GEOL,104,3.6
GEOL,107,3.27
GEOL,110,3.82
GEOL,111,3.32
GEOL,117,3.18
GEOL,118,3.13
GEOL,143,3.18
GEOL,208,3.11
GEOL,380,3.61
GEOL,401,3.06
GEOL,411,3.02
GEOL,415,3.36
GEOL,417,2.91
GEOL,432,2.66
GEOL,436,2.91
GEOL,440,3.24
GEOL,452,3.32
GEOL,470,3.38
GEOL,497,3.51
GEOL,512,3.7
GER,101,3.44
GER,102,3.25
GER,103,3.21
GER,104,3.33
GER,201,3.47
GER,205,3.47
GER,211,3.7
GER,250,3.65
GER,251,3.63
GER,260,3.53
GER,261,3.62
GER,270,3.58
GER,420,3.77
GER,465,3.71
GER,493,3.51
GER,494,3.65
GLBL,100,3.6
GLBL,199,3.59
GLBL,200,3.67
GLBL,220,3.5
GLBL,225,3.67
GLBL,240,3.64
GLBL,250,3.62
GLBL,270,3.59
GLBL,296,3.63
GLBL,340,3.55
GLBL,350,3.54
GLBL,392,3.22
GLBL,450,3.62
GLBL,494,3.81
GLBL,499,3.67
GRKM,201,3.94
GRKM,202,3.41
GS,101,3.66
GS,102,3.84
GS,198,3.95
GS,199,3.78
GWS,100,3.17
GWS,201,3.46
GWS,202,3.47
GWS,204,3.6
GWS,250,3.46
GWS,255,3.51
GWS,275,3.13
GWS,295,3.42
GWS,325,3.84
GWS,333,3.54
GWS,335,3.54
GWS,337,3.39
GWS,345,3.59
GWS,350,3.31
GWS,355,3.65
GWS,363,3.25
GWS,370,3.27
GWS,378,3.6
GWS,380,2.19
GWS,382,3.03
GWS,385,3.6
GWS,387,3.48
GWS,478,3.61
GWS,485,3.58
HDFS,101,3.71
HDFS,105,3.7
HDFS,120,3.53
HDFS,199,3.95
HDFS,206,3.82
HDFS,208,3.9
HDFS,220,3.3
HDFS,225,3.48
HDFS,261,3.43
HDFS,290,3.4
HDFS,301,3.14
HDFS,305,3.65
HDFS,310,3.54
HDFS,322,3.59
HDFS,340,3.5
HDFS,379,3.91
HDFS,401,3.65
HDFS,405,3.58
HDFS,408,3.71
HDFS,420,3.75
HDFS,425,3.66
HDFS,426,3.28
HDFS,444,3.62
HDFS,494,3.75
HIST,100,3.41
HIST,101,3.51
HIST,102,3.32
HIST,103,3.46
HIST,104,3.63
HIST,105,3.38
HIST,106,3.29
HIST,110,3.3
HIST,120,3.34
HIST,130,3.48
HIST,135,3.11
HIST,141,3.09
HIST,142,3.31
HIST,164,3.66
HIST,171,3.27
HIST,172,3.29
HIST,200,3.47
HIST,202,3.14
HIST,203,3.71
HIST,205,3.48
HIST,207,3.58
HIST,211,3.52
HIST,212,3.21
HIST,213,3.51
HIST,220,3.01
HIST,221,3.48
HIST,222,2.86
HIST,226,3.31
HIST,227,3.13
HIST,236,3.45
HIST,240,3.59
HIST,241,3.47
HIST,245,3.17
HIST,247,2.95
HIST,251,2.85
HIST,252,3.35
HIST,253,3.57
HIST,255,3.08
HIST,256,3.2
HIST,257,2.77
HIST,258,3.19
HIST,259,3.35
HIST,260,3.31
HIST,262,3.58
HIST,263,3.35
HIST,264,3.4
HIST,265,3.29
HIST,268,3.59
HIST,269,3.65
HIST,270,3.2
HIST,271,3.08
HIST,272,3.08
HIST,273,3.22
HIST,274,3.29
HIST,275,3.55
HIST,276,3.41
HIST,277,3.27
HIST,278,3.35
HIST,279,3.36
HIST,280,3.63
HIST,281,3.43
HIST,283,3.5
HIST,285,3.41
HIST,286,3.45
HIST,287,3.08
HIST,293,3.33
HIST,300,3.42
HIST,305,3.02
HIST,306,2.79
HIST,310,3.69
HIST,311,3.33
HIST,312,3.32
HIST,314,3.59
HIST,315,3.07
HIST,334,3.09
HIST,335,3.15
HIST,337,3.26
HIST,338,3.18
HIST,339,3.21
HIST,342,3.45
HIST,343,3.77
HIST,345,2.97
HIST,346,3.25
HIST,347,3.18
HIST,348,3.32
HIST,349,3.32
HIST,350,3.16
HIST,352,3.03
HIST,353,3.58
HIST,354,3.39
HIST,355,3.61
HIST,356,3.6
HIST,357,3.23
HIST,358,3.71
HIST,361,3.51
HIST,365,3.76
HIST,367,3.17
HIST,368,3.76
HIST,369,2.72
HIST,370,3.29
HIST,371,3.35
HIST,373,3.4
HIST,374,3.24
HIST,375,3.0
HIST,376,3.2
HIST,377,3.29
HIST,380,3.29
HIST,381,3.46
HIST,390,3.6
HIST,392,3.37
HIST,394,3.32
HIST,396,3.53
HIST,397,3.23
HIST,400,3.32
HIST,401,3.12
HIST,406,3.17
HIST,407,3.33
HIST,410,3.42
HIST,422,3.4
HIST,437,3.18
HIST,439,3.45
HIST,440,3.77
HIST,441,3.64
HIST,442,3.21
HIST,443,3.62
HIST,445,3.26
HIST,446,3.25
HIST,447,3.57
HIST,450,2.6
HIST,455,3.73
HIST,456,3.24
HIST,460,3.08
HIST,461,3.38
HIST,462,3.64
HIST,466,3.27
HIST,467,3.22
HIST,471,3.63
HIST,472,3.42
HIST,473,3.0
HIST,476,3.54
HIST,481,3.36
HNDI,201,3.64
HORT,100,3.42
HORT,105,3.61
HORT,106,3.3
HORT,107,3.64
HORT,180,3.57
HORT,205,3.7
HORT,240,3.6
HORT,301,2.86
HORT,302,2.92
HORT,360,3.27
HORT,361,3.78
HORT,430,3.6
HORT,434,3.3
HORT,435,3.29
HORT,442,3.83
HORT,447,3.57
HORT,499,3.39
HORT,505,3.94
HRD,400,3.79
HRD,402,3.86
HRD,411,3.73
HRD,414,3.95
HRD,415,3.77
HRD,440,3.56
HRD,470,3.76
HRD,472,3.82
HRD,530,3.8
HRD,532,3.87
HRD,535,3.79
HRD,540,3.73
HRD,572,3.93
HRD,585,3.84
HRE,400,3.68
HRE,401,3.48
HRE,411,3.92
HRE,415,3.67
HRE,472,3.9
HRE,490,3.58
HRE,495,3.86
HRE,530,3.77
HRE,531,3.65
HRE,532,3.92
HRE,533,3.93
HRE,535,3.82
HRE,585,3.97
IB,100,3.24
IB,101,3.41
IB,102,2.97
IB,103,2.75
IB,104,3.27
IB,105,3.42
IB,106,3.52
IB,107,3.49
IB,108,3.1
IB,109,3.21
IB,150,3.17
IB,151,3.62
IB,199,3.88
IB,202,3.18
IB,204,2.97
IB,270,3.59
IB,271,3.7
IB,299,3.89
IB,302,3.05
IB,303,2.86
IB,329,3.52
IB,335,3.12
IB,360,3.41
IB,361,3.66
IB,362,3.38
IB,363,3.36
IB,364,3.7
IB,368,3.2
IB,372,3.8
IB,401,3.23
IB,405,3.47
IB,409,3.59
IB,410,3.45
IB,411,3.46
IB,420,3.54
IB,426,3.0
IB,427,3.75
IB,429,3.18
IB,431,3.68
IB,432,3.74
IB,433,3.38
IB,435,3.82
IB,439,3.58
IB,443,3.41
IB,449,3.2
IB,451,3.54
IB,452,3.49
IB,453,3.58
IB,461,3.28
IB,462,3.48
IB,463,3.62
IB,464,2.88
IB,468,3.44
IB,471,3.64
IB,472,3.76
IB,473,3.68
IB,481,3.78
IB,482,3.72
IB,483,3.14
IB,485,3.61
IB,494,3.83
IB,496,3.85
IB,501,3.51
IB,504,3.42
IB,532,3.88
IB,533,3.97
IB,534,3.93
IB,535,3.84
IB,536,3.92
IB,542,3.7
IB,546,3.92
IE,300,2.97
IE,310,3.23
IE,330,3.17
IE,340,3.7
IE,360,3.34
IE,361,3.49
IE,370,3.38
IE,398,3.21
IE,400,3.39
IE,405,3.57
IE,410,2.94
IE,411,3.44
IE,412,3.13
IE,413,2.92
IE,420,3.13
IE,430,3.36
IE,431,3.41
IE,498,3.68
IE,510,3.59
IE,511,3.83
IE,521,3.68
IE,522,3.5
IE,523,3.66
IE,524,3.62
IE,525,3.53
IE,526,3.57
IE,529,3.85
IE,531,3.73
IE,534,3.83
IE,598,3.76
IHLT,101,3.61
IHLT,102,3.79
IHLT,230,3.89
IHLT,232,3.83
IHLT,240,3.72
IHLT,375,3.83
IHLT,474,3.83
IHLT,475,3.87
INFO,102,3.32
INFO,103,3.22
INFO,202,3.27
INFO,390,3.21
INFO,403,3.77
INFO,490,3.55
IS,310,3.26
IS,351,3.6
IS,403,3.94
IS,404,3.88
IS,409,3.84
IS,418,3.74
IS,445,3.92
IS,446,3.87
IS,451,3.91
IS,452,3.86
IS,453,3.87
IS,455,3.7
IS,457,3.5
IS,458,3.84
IS,490,3.74
IS,501,3.89
IS,502,3.64
IS,503,3.8
IS,504,3.89
IS,505,3.86
IS,506,3.89
IS,507,3.81
IS,508,3.93
IS,510,3.93
IS,514,3.76
IS,515,3.93
IS,516,3.95
IS,518,3.95
IS,524,3.87
IS,525,3.89
IS,526,3.82
IS,527,3.93
IS,531,3.6
IS,532,3.95
IS,540,3.95
IS,542,3.73
IS,543,3.73
IS,545,3.75
IS,547,3.91
IS,555,3.85
IS,561,3.76
IS,562,3.69
IS,567,3.77
IS,569,3.79
IS,580,3.75
IS,581,3.83
IS,582,3.72
IS,586,3.65
IS,590,3.82
ITAL,101,3.13
ITAL,102,3.01
ITAL,103,3.26
ITAL,104,3.19
ITAL,156,3.49
ITAL,200,3.11
ITAL,210,3.71
ITAL,240,3.59
ITAL,413,3.49
ITAL,420,3.33
ITAL,470,3.66
JAPN,201,3.41
JAPN,203,3.07
JOUR,199,3.5
JOUR,200,3.36
JOUR,205,2.91
JOUR,215,3.45
JOUR,250,3.6
JOUR,293,3.57
JOUR,311,3.49
JOUR,360,3.73
JOUR,361,3.48
JOUR,405,2.99
JOUR,411,2.98
JOUR,425,3.16
JOUR,450,3.48
JOUR,452,3.4
JOUR,453,3.63
JOUR,460,3.43
JS,355,3.61
KIN,100,3.76
KIN,101,3.67
KIN,102,3.9
KIN,103,3.9
KIN,104,3.82
KIN,107,3.93
KIN,109,3.81
KIN,111,3.9
KIN,120,3.26
KIN,121,3.29
KIN,122,3.5
KIN,125,3.9
KIN,130,3.63
KIN,131,3.94
KIN,132,3.9
KIN,133,3.68
KIN,135,3.67
KIN,136,3.93
KIN,140,3.12
KIN,142,3.68
KIN,150,3.22
KIN,160,3.53
KIN,199,3.74
KIN,201,3.59
KIN,239,3.45
KIN,240,3.42
KIN,247,3.71
KIN,249,3.69
KIN,257,3.31
KIN,259,3.1
KIN,262,3.24
KIN,268,3.71
KIN,340,3.34
KIN,346,3.81
KIN,352,3.17
KIN,355,3.24
KIN,360,3.72
KIN,361,3.57
KIN,365,3.84
KIN,369,3.61
KIN,387,3.93
KIN,401,3.54
KIN,442,3.72
KIN,443,3.84
KIN,444,3.97
KIN,447,3.43
KIN,448,3.49
KIN,451,3.55
KIN,452,3.64
KIN,453,3.72
KIN,457,3.6
KIN,459,3.36
KIN,460,3.74
KIN,473,3.24
KIN,494,3.82
KOR,201,3.8
KOR,202,3.82
KOR,203,3.81
KOR,222,3.42
LA,101,3.4
LA,212,3.17
LA,215,3.62
LA,218,3.21
LA,221,3.14
LA,222,3.04
LA,233,3.09
LA,234,3.4
LA,241,3.15
LA,250,3.26
LA,270,3.23
LA,280,3.31
LA,281,3.31
LA,314,3.24
LA,335,3.42
LA,342,3.15
LA,343,3.14
LA,346,3.43
LA,370,3.4
LA,427,3.28
LA,437,3.34
LA,446,3.91
LA,452,3.45
LA,470,3.34
LA,480,3.42
LA,501,3.54
LA,590,3.61
LA,597,3.49
LAS,101,3.68
LAS,102,3.81
LAS,199,3.52
LAS,292,3.56
LAS,399,3.87
LAST,170,3.62
LAT,101,3.4
LAT,102,3.24
LAT,103,2.83
LAW,199,3.33
LAW,201,3.19
LAW,301,3.57
LAW,302,3.09
LAW,303,3.76
LAW,501,3.42
LAW,601,3.23
LAW,602,3.21
LAW,603,3.18
LAW,604,3.21
LAW,605,3.38
LAW,606,3.23
LAW,607,3.23
LAW,609,3.2
LAW,610,3.2
LAW,612,3.33
LAW,615,3.39
LAW,616,3.42
LAW,618,3.25
LAW,620,3.41
LAW,622,3.29
LAW,624,3.34
LAW,625,3.32
LAW,627,3.15
LAW,629,3.32
LAW,631,3.28
LAW,633,3.39
LAW,634,3.41
LAW,635,3.72
LAW,636,3.39
LAW,638,3.45
LAW,639,3.43
LAW,642,3.38
LAW,643,3.42
LAW,644,3.2
LAW,645,3.4
LAW,647,3.37
LAW,648,3.35
LAW,651,3.56
LAW,653,3.34
LAW,654,3.59
LAW,656,3.49
LAW,657,3.6
LAW,660,3.3
LAW,662,3.33
LAW,664,3.4
LAW,667,3.39
LAW,668,3.31
LAW,670,3.42
LAW,673,3.41
LAW,675,3.37
LAW,676,3.37
LAW,679,3.38
LAW,680,3.37
LAW,682,3.36
LAW,683,3.39
LAW,684,3.45
LAW,685,3.43
LAW,686,3.4
LAW,687,3.31
LAW,689,3.47
LAW,694,3.45
LAW,792,3.43
LAW,793,3.63
LAW,794,3.39
LAW,795,3.38
LAW,796,3.42
LAW,797,3.35
LAW,798,3.61
LEAD,140,3.75
LEAD,170,3.85
LEAD,260,3.74
LEAD,380,3.72
LEAD,470,3.77
LEAD,480,3.9
LER,100,2.98
LER,110,2.92
LER,120,3.0
LER,130,3.13
LER,199,3.18
LER,200,3.23
LER,320,3.3
LER,522,3.93
LER,523,3.79
LER,542,3.69
LER,543,3.74
LER,545,3.57
LER,561,3.9
LER,562,3.74
LER,564,3.79
LER,565,3.72
LER,566,3.76
LER,567,3.76
LER,568,3.53
LER,569,3.88
LER,570,3.9
LER,590,3.71
LER,591,3.77
LER,593,3.68
LER,595,3.71
LER,597,3.73
LER,598,3.74
LING,100,3.5
LING,105,3.44
LING,111,3.61
LING,115,3.72
LING,210,3.54
LING,225,3.24
LING,250,3.41
LING,270,3.68
LING,301,3.18
LING,302,3.21
LING,307,3.13
LING,357,3.51
LING,400,3.64
LING,401,3.19
LING,402,3.48
LING,406,3.81
LING,425,3.35
LING,426,3.05
LING,450,3.61
LING,489,3.81
LING,490,3.76
LLS,100,3.4
LLS,220,3.27
LLS,230,3.51
LLS,235,3.78
LLS,238,3.58
LLS,240,3.55
LLS,242,3.29
LLS,250,3.63
LLS,265,3.58
LLS,279,3.57
LLS,296,2.74
LLS,301,3.0
LLS,320,3.36
LLS,343,3.53
LLS,355,3.52
LLS,357,3.93
LLS,360,3.16
LLS,379,3.51
LLS,382,3.32
LLS,385,3.28
LLS,387,3.76
LLS,392,3.68
LLS,396,3.77
LLS,410,3.32
LLS,435,3.71
LLS,442,3.45
LLS,473,3.82
MACS,100,3.51
MACS,101,3.59
MACS,166,3.65
MACS,199,3.23
MACS,203,3.44
MACS,205,3.55
MACS,224,3.77
MACS,260,3.86
MACS,261,3.19
MACS,262,3.37
MACS,264,3.3
MACS,282,3.84
MACS,295,3.71
MACS,317,3.36
MACS,320,3.35
MACS,321,3.32
MACS,323,3.76
MACS,326,3.44
MACS,331,3.44
MACS,351,3.22
MACS,356,3.43
MACS,361,3.43
MACS,364,3.77
MACS,372,3.62
MACS,375,3.33
MACS,389,3.56
MACS,395,3.59
MACS,410,3.3
MACS,464,3.57
MACS,466,3.43
MACS,496,3.8
MATH,2,2.48
MATH,12,2.45
MATH,14,2.58
MATH,101,2.6
MATH,103,3.2
MATH,112,2.68
MATH,115,2.6
MATH,117,3.28
MATH,119,3.27
MATH,124,3.04
MATH,125,2.76
MATH,181,2.95
MATH,199,3.8
MATH,210,3.0
MATH,213,3.12
MATH,220,2.73
MATH,221,2.9
MATH,225,2.99
MATH,231,2.84
MATH,234,2.73
MATH,241,2.86
MATH,249,3.57
MATH,285,3.13
MATH,286,3.07
MATH,290,3.49
MATH,292,2.8
MATH,299,2.97
MATH,347,3.11
MATH,348,2.97
MATH,402,3.28
MATH,403,3.13
MATH,405,3.5
MATH,410,3.33
MATH,412,3.15
MATH,413,3.24
MATH,414,2.84
MATH,415,3.02
MATH,416,3.08
MATH,417,3.06
MATH,418,3.48
MATH,423,3.38
MATH,424,3.52
MATH,427,3.56
MATH,428,3.94
MATH,432,3.14
MATH,441,3.1
MATH,442,3.06
MATH,444,3.21
MATH,446,2.98
MATH,447,3.24
MATH,448,3.34
MATH,453,3.3
MATH,461,2.93
MATH,471,3.07
MATH,472,2.94
MATH,476,3.17
MATH,478,3.02
MATH,479,3.05
MATH,481,3.17
MATH,482,3.33
MATH,484,3.39
MATH,487,3.44
MATH,489,3.49
MATH,490,2.99
MATH,500,3.17
MATH,518,3.25
MATH,525,3.46
MATH,530,3.87
MATH,540,3.59
MATH,541,3.88
MATH,542,3.51
MATH,550,3.77
MATH,553,3.76
MATH,561,3.62
MATH,562,3.86
MATH,563,3.22
MATH,564,3.73
MATH,567,3.44
MATH,568,3.47
MATH,580,3.71
MATH,595,3.97
MBA,501,3.5
MBA,502,3.56
MBA,503,3.62
MBA,504,3.67
MBA,505,3.57
MBA,531,3.94
MBA,541,3.91
MBA,542,3.97
MBA,543,3.9
MBA,544,3.81
MBA,546,3.92
MBA,547,3.92
MBA,548,3.8
MBA,551,3.81
MBA,552,3.76
MBA,553,3.65
MBA,561,3.74
MBA,562,3.96
MBA,563,3.83
MBA,565,3.5
MBA,592,3.94
MCB,100,2.92
MCB,101,3.34
MCB,103,2.88
MCB,104,3.47
MCB,150,2.91
MCB,151,3.58
MCB,170,3.71
MCB,180,2.83
MCB,199,3.71
MCB,215,2.69
MCB,240,2.91
MCB,244,2.92
MCB,245,2.87
MCB,246,2.8
MCB,247,2.88
MCB,250,2.72
MCB,251,3.47
MCB,252,3.29
MCB,253,3.57
MCB,270,3.6
MCB,297,3.84
MCB,299,3.92
MCB,300,3.04
MCB,301,3.19
MCB,312,3.5
MCB,314,2.97
MCB,316,3.06
MCB,317,3.05
MCB,320,3.32
MCB,334,3.42
MCB,354,2.84
MCB,400,3.25
MCB,401,3.21
MCB,402,3.26
MCB,405,3.23
MCB,406,3.42
MCB,408,3.2
MCB,410,3.4
MCB,412,3.82
MCB,413,3.05
MCB,419,3.35
MCB,421,3.34
MCB,424,3.71
MCB,426,3.06
MCB,428,3.44
MCB,429,3.08
MCB,431,3.5
MCB,432,3.49
MCB,435,3.47
MCB,436,3.74
MCB,450,2.8
MCB,458,3.55
MCB,461,3.71
MCB,462,3.54
MCB,465,3.29
MCB,471,3.64
MCB,480,3.74
MCB,493,3.55
MCB,501,3.44
MCB,502,3.4
MCB,529,3.52
MCB,555,3.38
MDIA,100,3.49
MDIA,199,3.54
MDIA,223,2.97
MDIA,270,3.76
MDIA,290,3.56
MDIA,293,3.49
MDIA,320,3.75
MDIA,370,3.69
MDIA,380,3.62
MDIA,390,3.76
ME,170,3.78
ME,199,3.9
ME,200,3.3
ME,270,3.39
ME,300,3.07
ME,310,3.06
ME,320,3.11
ME,330,3.4
ME,340,3.27
ME,350,3.13
ME,360,3.31
ME,370,3.42
ME,371,3.67
ME,400,3.43
ME,402,3.57
ME,403,3.5
ME,404,3.48
ME,410,3.3
ME,412,3.66
ME,420,3.72
ME,430,3.32
ME,431,3.82
ME,432,3.55
ME,450,3.64
ME,451,3.44
ME,452,3.5
ME,460,3.47
ME,461,3.92
ME,465,3.9
ME,470,3.74
ME,471,3.33
ME,472,3.67
ME,481,3.62
ME,482,3.57
ME,483,3.8
ME,487,3.42
ME,498,3.76
ME,501,3.41
ME,510,3.86
ME,521,3.81
ME,523,3.68
ME,591,3.88
MILS,120,2.95
MILS,341,3.84
MS,100,3.5
MS,101,3.7
MS,166,3.41
MS,199,3.36
MS,264,3.49
MS,317,3.51
MS,320,3.31
MS,326,2.88
MS,331,3.55
MS,351,3.01
MS,356,3.27
MS,389,3.46
MS,391,3.73
MS,410,3.45
MS,464,3.59
MSE,101,3.37
MSE,182,3.45
MSE,183,3.95
MSE,201,3.22
MSE,206,2.96
MSE,280,3.12
MSE,304,2.97
MSE,307,3.25
MSE,308,3.51
MSE,395,3.8
MSE,396,3.89
MSE,398,3.58
MSE,401,2.99
MSE,402,3.13
MSE,403,3.15
MSE,404,3.48
MSE,405,3.07
MSE,406,2.92
MSE,420,3.22
MSE,421,3.36
MSE,422,3.14
MSE,440,3.2
MSE,441,3.05
MSE,442,3.52
MSE,443,3.33
MSE,445,3.18
MSE,450,3.19
MSE,452,3.62
MSE,453,3.21
MSE,455,3.17
MSE,456,3.02
MSE,457,3.33
MSE,458,3.25
MSE,460,3.1
MSE,461,3.55
MSE,462,3.48
MSE,470,3.58
MSE,472,3.47
MSE,473,3.39
MSE,474,3.63
MSE,480,3.44
MSE,481,3.52
MSE,485,3.64
MSE,487,3.59
MSE,488,3.44
MSE,489,3.72
MSE,498,3.74
MSE,500,3.53
MSE,565,3.74
MSE,580,3.59
MSE,583,3.56
MSE,584,3.96
MSE,598,3.68
MUS,101,2.71
MUS,102,3.12
MUS,103,3.47
MUS,104,3.56
MUS,105,3.76
MUS,107,3.25
MUS,108,3.27
MUS,110,3.33
MUS,130,3.43
MUS,132,3.68
MUS,133,3.4
MUS,181,3.96
MUS,199,3.84
MUS,201,3.36
MUS,202,3.03
MUS,207,3.52
MUS,208,2.75
MUS,240,3.72
MUS,241,3.86
MUS,242,3.46
MUS,243,3.78
MUS,244,3.55
MUS,250,3.92
MUS,261,3.89
MUS,262,3.97
MUS,263,3.87
MUS,268,3.95
MUS,269,3.94
MUS,270,3.98
MUS,271,3.94
MUS,272,3.93
MUS,273,3.99
MUS,274,3.98
MUS,313,3.03
MUS,314,3.19
MUS,320,3.65
MUS,333,3.42
MUS,335,3.71
MUS,339,3.76
MUS,342,3.79
MUS,343,3.77
MUS,344,3.71
MUS,346,3.77
MUS,348,3.81
MUS,350,3.71
MUS,400,3.58
MUS,407,3.49
MUS,408,3.47
MUS,410,3.19
MUS,411,3.57
MUS,413,3.6
MUS,414,3.57
MUS,415,3.75
MUS,418,3.58
MUS,421,3.15
MUS,433,3.98
MUS,434,3.65
MUS,437,4.0
MUS,439,3.69
MUS,443,3.98
MUS,444,3.79
MUS,447,3.95
MUS,450,3.96
MUS,464,3.61
MUS,499,3.72
MUS,501,3.43
MUS,502,3.22
MUS,519,3.48
MUS,521,3.91
MUS,524,3.43
MUS,526,3.72
MUS,527,3.83
MUS,528,3.71
MUS,533,3.88
MUS,558,3.88
MUS,560,3.14
MUSE,200,3.59
MUSE,250,3.61
NPRE,100,3.8
NPRE,101,3.02
NPRE,199,3.79
NPRE,201,3.62
NPRE,247,2.97
NPRE,402,3.5
NPRE,412,3.37
NPRE,421,3.2
NPRE,431,3.11
NPRE,432,3.64
NPRE,441,3.55
NPRE,442,3.39
NPRE,446,3.61
NPRE,447,3.62
NPRE,448,2.91
NPRE,451,3.36
NPRE,455,2.84
NPRE,457,3.69
NPRE,458,3.66
NPRE,470,3.62
NPRE,475,3.8
NPRE,480,3.57
NPRE,481,3.56
NPRE,483,3.63
NPRE,498,3.58
NPRE,501,3.47
NPRE,521,3.79
NPRE,555,3.9
NPRE,598,3.91
NRES,100,3.48
NRES,101,3.27
NRES,102,3.3
NRES,103,3.24
NRES,105,3.13
NRES,199,3.52
NRES,201,2.84
NRES,219,3.17
NRES,285,3.76
NRES,287,3.3
NRES,302,3.1
NRES,325,3.51
NRES,340,3.63
NRES,348,3.37
NRES,362,3.54
NRES,401,3.31
NRES,407,3.03
NRES,409,3.14
NRES,415,3.17
NRES,418,3.6
NRES,419,3.33
NRES,420,3.31
NRES,421,3.29
NRES,424,3.68
NRES,425,3.61
NRES,426,3.56
NRES,429,3.29
NRES,439,3.66
NRES,454,3.18
NRES,456,3.1
NRES,465,3.39
NRES,472,3.51
NRES,474,3.15
NRES,475,3.53
NRES,488,2.89
NRES,499,3.45
NRES,502,3.71
NRES,511,3.72
NRES,593,3.6
NRES,598,3.52
NS,101,3.82
NS,102,3.32
NS,303,3.78
NUTR,510,3.64
NUTR,511,3.53
NUTR,561,3.78
PATH,433,3.01
PATH,439,3.7
PATH,635,3.07
PATH,637,2.66
PATH,638,3.47
PATH,641,3.98
PATH,643,3.32
PHIL,100,3.14
PHIL,101,3.15
PHIL,102,3.26
PHIL,103,3.19
PHIL,104,3.19
PHIL,105,3.18
PHIL,107,3.39
PHIL,202,3.19
PHIL,203,3.12
PHIL,206,3.18
PHIL,210,3.51
PHIL,214,3.39
PHIL,230,3.29
PHIL,250,3.38
PHIL,270,3.06
PHIL,325,2.89
PHIL,380,3.34
PHIL,404,3.54
PHIL,410,2.83
PHIL,412,3.68
PHIL,414,3.73
PHIL,421,3.22
PHIL,422,3.5
PHIL,424,3.31
PHIL,425,3.42
PHIL,426,3.42
PHIL,427,3.2
PHIL,429,3.04
PHIL,430,3.25
PHIL,435,3.37
PHIL,436,3.35
PHIL,438,2.98
PHIL,439,3.46
PHIL,441,3.4
PHIL,477,3.25
PHYS,100,3.24
PHYS,101,2.78
PHYS,102,2.84
PHYS,123,3.84
PHYS,140,3.09
PHYS,150,3.1
PHYS,199,3.7
PHYS,211,3.0
PHYS,212,2.81
PHYS,213,2.8
PHYS,214,2.77
PHYS,225,3.08
PHYS,280,3.57
PHYS,298,3.7
PHYS,325,3.04
PHYS,326,3.07
PHYS,398,3.73
PHYS,401,3.32
PHYS,402,3.44
PHYS,403,3.88
PHYS,404,3.14
PHYS,406,3.81
PHYS,419,3.26
PHYS,427,3.16
PHYS,435,3.18
PHYS,436,3.36
PHYS,460,3.39
PHYS,470,3.44
PHYS,475,3.31
PHYS,485,3.11
PHYS,486,3.09
PHYS,487,3.26
PHYS,496,3.77
PHYS,498,3.43
PHYS,499,3.85
PHYS,504,3.57
PHYS,505,3.75
PHYS,508,3.3
PHYS,513,3.76
PHYS,514,3.79
PHYS,515,3.51
PHYS,550,3.54
PHYS,560,3.72
PHYS,563,3.74
PHYS,569,3.6
PHYS,570,3.74
PHYS,580,3.55
PHYS,581,3.58
PHYS,582,3.53
PHYS,596,3.94
PHYS,598,3.81
PLPA,200,3.5
PLPA,204,3.35
PLPA,407,3.14
POL,115,3.71
PORT,400,3.55
PORT,401,2.91
PS,100,3.21
PS,101,3.04
PS,152,3.33
PS,170,3.56
PS,180,3.05
PS,191,3.61
PS,199,3.37
PS,200,2.66
PS,201,3.23
PS,202,3.12
PS,220,2.97
PS,222,3.01
PS,224,3.7
PS,225,2.86
PS,230,3.39
PS,231,3.06
PS,240,3.37
PS,241,3.16
PS,270,3.07
PS,272,3.33
PS,280,3.07
PS,281,3.31
PS,282,3.38
PS,283,3.44
PS,300,3.4
PS,301,3.3
PS,302,3.31
PS,303,3.38
PS,304,2.76
PS,305,3.14
PS,312,2.72
PS,313,2.93
PS,316,3.71
PS,317,3.26
PS,318,3.48
PS,319,3.04
PS,320,3.27
PS,321,3.11
PS,322,3.1
PS,323,2.97
PS,329,3.11
PS,330,2.65
PS,339,3.37
PS,340,3.29
PS,341,3.36
PS,343,3.62
PS,345,3.34
PS,346,3.68
PS,347,3.08
PS,348,3.41
PS,351,3.51
PS,352,3.56
PS,353,3.4
PS,355,3.58
PS,356,3.57
PS,357,3.08
PS,370,3.86
PS,376,2.9
PS,377,3.39
PS,379,3.51
PS,380,3.4
PS,381,3.26
PS,382,3.44
PS,385,3.38
PS,386,2.98
PS,390,3.47
PS,391,3.54
PS,392,3.22
PS,394,3.37
PS,395,3.13
PS,396,3.44
PS,397,3.48
PS,398,2.64
PS,410,3.7
PS,491,3.62
PS,499,3.64
PS,525,3.88
PSM,501,3.89
PSM,502,3.71
PSM,503,3.8
PSYC,100,3.01
PSYC,103,2.98
PSYC,105,3.52
PSYC,199,3.64
PSYC,201,3.27
PSYC,204,3.35
PSYC,207,3.2
PSYC,210,2.77
PSYC,216,3.09
PSYC,220,3.07
PSYC,224,2.97
PSYC,230,3.41
PSYC,235,3.22
PSYC,238,3.28
PSYC,239,3.5
PSYC,245,3.29
PSYC,248,3.07
PSYC,250,3.15
PSYC,265,2.76
PSYC,302,3.43
PSYC,306,3.27
PSYC,308,3.5
PSYC,312,3.12
PSYC,318,3.19
PSYC,320,3.1
PSYC,321,3.19
PSYC,324,2.92
PSYC,326,2.92
PSYC,327,3.37
PSYC,328,3.06
PSYC,331,3.15
PSYC,332,3.23
PSYC,333,3.24
PSYC,334,3.38
PSYC,336,3.54
PSYC,340,3.85
PSYC,341,3.75
PSYC,350,3.61
PSYC,351,3.23
PSYC,352,3.72
PSYC,353,3.25
PSYC,356,3.01
PSYC,357,2.85
PSYC,358,3.32
PSYC,361,3.1
PSYC,363,3.58
PSYC,365,3.23
PSYC,370,3.64
PSYC,373,3.21
PSYC,379,3.15
PSYC,396,3.48
PSYC,402,3.73
PSYC,403,3.52
PSYC,404,3.53
PSYC,406,3.77
PSYC,407,3.79
PSYC,408,3.79
PSYC,410,3.46
PSYC,413,3.08
PSYC,414,3.24
PSYC,417,3.42
PSYC,421,3.58
PSYC,423,2.85
PSYC,425,3.15
PSYC,427,2.4
PSYC,429,2.99
PSYC,433,3.13
PSYC,437,3.7
PSYC,445,3.57
PSYC,450,3.63
PSYC,451,3.44
PSYC,453,3.27
PSYC,455,3.26
PSYC,456,3.28
PSYC,458,3.09
PSYC,462,3.09
PSYC,465,3.2
PSYC,468,3.32
PSYC,475,3.5
PSYC,484,3.74
PSYC,490,3.93
PSYC,496,3.71
PSYC,506,3.87
PSYC,507,3.71
PSYC,514,3.64
PSYC,525,3.88
PSYC,530,3.87
PSYC,588,3.88
PSYC,594,3.7
REES,201,3.83
REHB,330,3.61
REHB,402,3.42
REHB,435,3.66
REL,101,3.44
REL,104,3.31
REL,108,3.89
REL,109,3.81
REL,110,3.63
REL,120,3.62
REL,132,3.74
REL,208,3.94
REL,214,3.24
REL,231,3.65
REL,235,3.37
REL,236,3.39
REL,270,3.33
REL,286,3.65
REL,287,3.21
RHET,105,3.54
RHET,233,3.56
RHET,243,3.16
RLST,101,2.96
RLST,104,3.29
RLST,106,3.48
RLST,108,3.79
RLST,109,3.76
RLST,110,3.22
RLST,120,3.45
RLST,121,3.35
RLST,127,3.47
RLST,132,3.58
RLST,170,3.67
RLST,201,3.47
RLST,202,3.22
RLST,203,3.28
RLST,208,3.92
RLST,213,3.0
RLST,214,3.33
RLST,223,3.49
RLST,231,3.07
RLST,235,3.19
RLST,236,3.2
RLST,260,3.55
RLST,270,3.1
RLST,286,3.5
RLST,287,3.53
RLST,403,3.56
RLST,408,3.47
RLST,447,3.78
RLST,483,3.48
RSOC,110,3.61
RST,100,3.31
RST,101,3.58
RST,110,3.24
RST,120,3.48
RST,130,3.09
RST,140,3.4
RST,150,3.55
RST,199,3.53
RST,200,3.45
RST,210,3.19
RST,216,3.64
RST,217,3.53
RST,218,3.29
RST,230,3.14
RST,240,3.33
RST,242,3.7
RST,255,3.35
RST,260,3.59
RST,300,3.55
RST,316,3.29
RST,320,3.29
RST,325,3.28
RST,330,3.51
RST,335,3.2
RST,340,3.51
RST,341,3.51
RST,350,3.25
RST,351,3.41
RST,354,2.95
RST,360,3.55
RST,370,3.35
RST,393,3.63
RST,410,3.14
RST,420,3.18
RST,429,3.22
RST,430,3.46
RST,440,3.1
RST,457,3.91
RST,460,3.47
RST,465,3.52
RST,480,3.4
RST,501,3.71
RST,503,3.79
RST,512,3.73
RST,516,3.92
RST,518,3.6
RST,520,3.67
RST,593,3.9
RST,594,3.78
RUSS,115,3.7
RUSS,202,3.52
RUSS,220,3.16
RUSS,225,3.33
RUSS,323,3.44
SAME,133,2.65
SAME,152,3.18
SBC,500,3.94
SBC,501,3.68
SBC,502,3.82
SBC,504,3.72
SBC,505,3.83
SBC,506,3.66
SBC,509,3.81
SBC,511,3.81
SBC,512,3.89
SCAN,101,3.73
SCAN,215,3.25
SCAN,225,3.74
SCAN,240,3.83
SCAN,251,3.3
SCAN,252,3.37
SCAN,490,3.09
SCAN,492,3.18
SCR,115,3.71
SE,100,3.86
SE,101,3.26
SE,261,3.21
SE,310,3.23
SE,311,3.37
SE,312,3.21
SE,320,3.29
SE,361,3.43
SE,400,3.55
SE,402,3.46
SE,410,3.36
SE,413,2.96
SE,420,3.58
SE,422,3.56
SE,423,3.72
SE,424,3.34
SE,450,3.32
SE,494,3.77
SE,495,3.87
SHS,120,3.57
SHS,121,3.3
SHS,150,3.13
SHS,170,3.35
SHS,171,3.25
SHS,200,3.2
SHS,221,3.34
SHS,222,3.58
SHS,240,3.2
SHS,270,3.53
SHS,271,3.65
SHS,280,3.28
SHS,300,3.11
SHS,301,3.29
SHS,320,3.51
SHS,321,3.2
SHS,333,3.51
SHS,352,3.83
SHS,375,3.87
SHS,380,3.4
SHS,383,3.66
SHS,385,3.34
SHS,390,3.24
SHS,410,3.63
SHS,411,3.53
SHS,427,2.88
SHS,430,3.68
SHS,431,3.47
SHS,450,3.06
SHS,451,3.28
SHS,470,3.6
SHS,473,3.74
SHS,477,3.86
SHS,511,3.71
SHS,512,3.51
SHS,513,3.65
SHS,514,3.86
SHS,532,3.87
SHS,533,3.88
SHS,534,3.74
SHS,570,3.19
SHS,571,3.65
SHS,572,3.82
SHS,576,3.96
SHS,577,3.87
SHS,579,3.71
SHS,593,3.91
SLAV,117,3.67
SLAV,120,3.44
SLCL,200,3.7
SOC,100,3.41
SOC,101,2.94
SOC,122,3.39
SOC,160,3.47
SOC,161,3.3
SOC,162,3.47
SOC,163,3.47
SOC,170,3.14
SOC,179,3.56
SOC,196,3.16
SOC,199,3.64
SOC,200,3.47
SOC,225,3.56
SOC,226,3.43
SOC,261,3.49
SOC,270,3.03
SOC,273,3.12
SOC,274,3.52
SOC,275,3.53
SOC,280,3.1
SOC,310,3.34
SOC,350,3.55
SOC,364,3.26
SOC,367,2.98
SOC,373,3.39
SOC,374,3.2
SOC,375,3.41
SOC,378,3.65
SOC,380,3.44
SOC,396,3.44
SOC,426,3.88
SOC,447,3.41
SOC,450,3.19
SOC,470,2.93
SOC,477,3.73
SOC,479,3.48
SOC,480,3.41
SOC,481,3.22
SOC,485,3.12
SOC,488,2.84
SOC,496,3.26
SOC,583,3.83
SOC,586,3.57
SOCW,101,3.58
SOCW,199,3.67
SOCW,200,3.2
SOCW,225,3.25
SOCW,240,3.51
SOCW,245,3.65
SOCW,297,3.9
SOCW,300,3.49
SOCW,315,3.58
SOCW,321,3.62
SOCW,340,3.5
SOCW,360,3.77
SOCW,380,3.66
SOCW,397,3.42
SOCW,400,3.74
SOCW,401,3.73
SOCW,402,3.63
SOCW,403,3.67
SOCW,410,3.74
SOCW,412,3.73
SOCW,415,3.67
SOCW,416,3.55
SOCW,417,3.71
SOCW,420,3.75
SOCW,427,3.6
SOCW,436,3.51
SOCW,451,3.73
SOCW,455,3.89
SOCW,461,3.84
SOCW,470,3.86
SOCW,471,3.81
SOCW,472,3.88
SOCW,500,3.68
SOCW,501,3.75
SOCW,502,3.79
SOCW,503,3.83
SOCW,504,3.91
SOCW,505,3.88
SOCW,506,3.77
SOCW,507,3.78
SOCW,508,3.9
SOCW,509,3.8
SOCW,513,3.96
SOCW,514,3.87
SOCW,515,3.84
SOCW,516,3.47
SOCW,519,3.85
SOCW,520,3.44
SOCW,521,3.95
SOCW,525,3.76
SOCW,526,3.71
SOCW,531,3.91
SOCW,532,3.9
SOCW,541,3.56
SOCW,542,3.71
SOCW,552,3.71
SOCW,553,3.84
SOCW,554,3.85
SOCW,561,3.84
SOCW,589,3.65
SPAN,101,3.18
SPAN,102,3.25
SPAN,103,2.8
SPAN,122,2.83
SPAN,130,3.55
SPAN,141,2.98
SPAN,142,3.24
SPAN,200,3.37
SPAN,204,3.38
SPAN,208,3.7
SPAN,228,3.44
SPAN,232,3.83
SPAN,246,3.48
SPAN,250,3.61
SPAN,252,3.54
SPAN,254,3.44
SPAN,303,3.58
SPAN,305,3.5
SPAN,307,3.54
SPAN,308,3.68
SPAN,309,3.52
SPAN,312,3.12
SPAN,314,3.12
SPAN,316,3.36
SPAN,318,3.68
SPAN,320,3.48
SPAN,324,3.06
SPAN,326,3.7
SPAN,332,3.8
SPAN,478,3.78
SPAN,571,3.8
SPED,117,3.8
SPED,199,3.62
SPED,205,3.78
SPED,312,3.87
SPED,317,3.83
SPED,322,3.5
SPED,405,3.77
SPED,414,3.8
SPED,424,3.63
SPED,426,3.89
SPED,431,3.81
SPED,438,3.9
SPED,440,3.81
SPED,441,3.63
SPED,444,3.91
SPED,446,3.89
SPED,447,3.93
SPED,448,3.62
SPED,450,3.9
SPED,461,3.81
SPED,465,3.7
SPED,470,3.95
SPED,471,3.88
SPED,514,3.91
SPED,517,3.79
SPED,526,3.92
STAT,100,3.39
STAT,107,3.64
STAT,200,3.47
STAT,212,3.54
STAT,385,3.61
STAT,400,3.2
STAT,408,3.06
STAT,409,3.16
STAT,410,3.13
STAT,420,3.57
STAT,424,3.49
STAT,425,3.46
STAT,426,3.43
STAT,428,3.37
STAT,429,3.4
STAT,430,3.54
STAT,431,3.6
STAT,432,3.71
STAT,433,3.72
STAT,434,3.54
STAT,440,3.66
STAT,443,3.54
STAT,448,3.56
STAT,480,3.62
STAT,510,3.59
STAT,511,3.87
STAT,525,3.89
STAT,527,3.66
STAT,542,3.84
STAT,553,3.4
STAT,571,3.81
STAT,578,3.78
SWAH,201,3.3
SWAH,202,3.46
SWAH,403,2.51
SWAH,404,3.57
TAM,195,3.55
TAM,201,3.74
TAM,210,2.86
TAM,211,2.74
TAM,212,2.93
TAM,251,2.95
TAM,252,3.58
TAM,302,3.58
TAM,335,2.83
TAM,412,3.04
TAM,427,3.03
TAM,428,3.21
TAM,435,3.36
TAM,445,3.04
TAM,451,3.26
TAM,456,3.47
TAM,461,3.74
TAM,470,3.2
TAM,498,3.13
TAM,531,3.62
TAM,532,3.6
TAM,538,3.55
TAM,541,3.55
TAM,542,3.7
TAM,551,3.32
TE,100,3.88
TE,250,3.8
TE,298,3.74
TE,333,3.48
TE,360,3.85
TE,398,3.75
TE,401,3.83
TE,450,3.55
TE,460,3.9
TE,461,3.8
TE,466,3.75
TE,498,3.97
TE,565,3.83
TE,566,3.85
TE,567,3.95
THEA,100,3.81
THEA,101,3.69
THEA,102,3.82
THEA,103,3.29
THEA,104,3.52
THEA,105,3.53
THEA,106,2.96
THEA,110,3.79
THEA,170,3.54
THEA,175,3.15
THEA,208,3.68
THEA,218,3.53
THEA,220,3.23
THEA,262,3.63
THEA,263,3.19
THEA,270,3.77
THEA,271,3.63
THEA,360,2.76
THEA,361,2.8
THEA,399,3.97
THEA,400,3.86
THEA,450,3.89
THEA,452,3.13
THEA,595,3.63
TRST,201,3.37
TRST,407,3.57
TRST,410,3.75
TRST,415,3.69
TSM,100,2.68
TSM,199,3.33
TSM,232,3.03
TSM,233,3.08
TSM,234,3.01
TSM,262,3.07
TSM,311,3.49
TSM,352,3.2
TSM,363,3.46
TSM,371,3.09
TSM,372,3.1
TSM,381,3.26
TSM,421,3.15
TSM,422,3.55
TSM,425,3.32
TSM,435,3.63
TSM,438,3.09
TSM,464,2.97
TSM,465,2.75
TSM,486,3.42
UKR,113,3.84
UP,101,3.43
UP,116,3.41
UP,136,3.76
UP,185,3.36
UP,199,3.44
UP,201,3.7
UP,203,3.43
UP,204,3.13
UP,205,3.25
UP,211,3.65
UP,260,3.51
UP,311,3.57
UP,312,3.28
UP,316,3.17
UP,330,3.37
UP,335,3.23
UP,340,3.72
UP,345,3.48
UP,347,3.49
UP,357,3.66
UP,405,3.44
UP,406,3.33
UP,407,3.8
UP,408,3.65
UP,418,3.6
UP,423,3.68
UP,426,2.85
UP,430,3.6
UP,438,3.3
UP,445,3.4
UP,446,3.53
UP,447,3.78
UP,456,3.76
UP,460,3.71
UP,466,3.68
UP,470,3.45
UP,473,3.75
UP,474,3.29
UP,475,3.84
UP,480,3.42
UP,494,3.44
UP,501,3.63
UP,503,3.81
UP,504,3.7
UP,505,3.58
UP,508,3.81
UP,509,3.84
UP,510,3.65
UP,511,3.77
UP,545,3.78
UP,594,3.46
VB,619,3.13
VB,620,3.29
VB,624,3.63
VB,626,3.92
VCM,625,3.92
VCM,630,3.42
VCM,631,2.78
VCM,632,2.84
VCM,633,3.16
VCM,636,3.97
VCM,637,3.02
VCM,638,2.99
VCM,639,3.95
VCM,649,3.91
VCM,651,3.44
VCM,652,3.11
VCM,653,3.14
VCM,654,3.37
VCM,655,2.79
VCM,660,3.4
VCM,667,3.1
VCM,673,3.97
VCM,675,3.79
VCM,676,3.13
VCM,685,3.94
VM,602,2.66
VM,603,2.88
VM,604,2.79
VM,605,2.7
VM,607,2.89
VM,608,2.85
VM,609,2.85
VM,610,2.65
VM,611,2.76
VM,620,3.81
YDSH,220,3.62
YDSH,320,3.44
