firstName,lastName
A,Abbott
A,Abdel-Khalik
A,Abney
A,Aggarwal
A,Aguayo
A,Akinrinola
A,Alawini
A,Allen
A,Aminmansour
A,Anda
A,Anders
A,Antonson
A,Arvind
A,Askow
A,Augoustakis
A,Augustine
A,Avci
A,Aviram
A,Bales
A,Banerjee
A,Barbeau
A,Barbey
A,Barger
A,Barnhart
A,Bartik
A,Basu
A,Bates
A,Bayat
A,Bell
A,Belmont
A,Benjamin
A,Bequette
A,Betsold
A,Bhurke
A,Bishnoi
A,Bliss
A,Blockman
A,Boone
A,Bouck
A,Box
A,Burgos
A,Burstein
A,Butler-Auld
A,Carter
A,Chakraborty
A,Champion
A,Chatterton
A,Chin
A,Chronopoulou
A,Ciafone
A,Cockrell
A,Cohen
A,Craig
A,Davis
A,Dharwadker
A,Di Fulvio
A,Dilger
A,Dolezal
A,Dominguez-Garcia
A,Donley
A,Dunn
A,Dunse
A,Dyson
A,Ebata
A,Elbanna
A,Ellis
A,Espiritu
A,Estrup
A,Finnegan
A,Fischer-Brown
A,Fitzjarrald
A,Fliflet
A,Flood
A,Fout
A,Franz
A,Freter
A,Freudenburg
A,Frey
A,Fruehling
A,Gaedtke
A,Gal
A,Garcia
A,Gewirth
A,Goza
A,Greenlee
A,Green-Miller
A,Gulley
A,Hamilton
A,Han
A,Harmon-Threatt
A,Harris
A,Hartman
A,Hartmann
A,Hassinger
A,Hetrick
A,Hildebrand
A,Hinkkanen
A,Hoffmann
A,Hoffmeister
A,Holcombe
A,Holden
A,Hunt
A,Huot
A,Ibrahim
A,Ivanov
A,Jacobi
A,Jain
A,Kakooza
A,Kalsotra
A,Kemball
A,Kent
A,Kessler
A,Khandelwal
A,Kirlik
A,Klees
A,Kloeckner
A,Kogen
A,Kostochka
A,Kou
A,Kramer
A,Kruse
A,Ksiazkiewicz
A,Kukekova
A,Kunze
A,LaBau
A,Lapunzina
A,Lawrence
A,Leipold
A,Leman
A,Lipka
A,Livny
A,Lleras
A,Lo
A,LoBue
A,Lyons
A,Mabry-Flynn
A,Margenot
A,Marshall-Colon
A,Masud
A,Mayer
A,McCullough
A,Megill
A,Mehta
A,Melgarejo De Berry
A,Merrill
A,Messina
A,Miller
A,Mironenko
A,Mironov
A,Moody
A,Morgan
A,Moss
A,Newman
A,Novak
A,Orta
A,Osman
A,Ozcan
A,Padmanabhan
A,Pearlstein
A,Pinkert
A,Poetzel
A,Pollock
A,Prorok
A,Ranjan
A,Reddy
A,Reisner
A,Renear
A,Richards
A,Rinaldi-Miles
A,Rindfleisch
A,Roebuck
A,Rosado-Torres
A,Rusch
A,Sakhartov
A,Salisbury
A,Sapozhnikov
A,Schleife
A,Schmidt
A,Schneider
A,Schnelle
A,Schulte
A,Schultz
A,Schwing
A,Schwingel
A,Shakar
A,Shuger
A,Sibrian Mai
A,Sielicki
A,Singer
A,Smith
A,Solya
A,Statt
A,Steelman
A,Stenger
A,Stepanov
A,Stevens
A,Stewart
A,Stillwell
A,Stolyar
A,Strohman
A,Studer
A,Sychterz
A,Talebpour
A,Taylor
A,Teimourigerdeh
A,Thompson
A,Toossi
A,Trad
A,Traill
A,Tzanetou
A,Uribe-McGuire
A,Vakakis
A,Vance
A,van der Velde
A,van der Zande
A,Wagoner Johnson
A,Watkins
A,Weaver
A,Weissler
A,Williams
A,Willis
A,Winans
A,Winter-Nelson
A,Witmer
A,Wolff
A,Wood
A,Woods
A,Wooldridge
A,Wu
A,Yannarell
A,Yeung
A,Yu
A,Zaharescu
B,Adhimoolam
B,Aldridge
B,Allan
B,Allen
B,Alvarez
B,Anderson
B,Andrawes
B,Bailey
B,Barnett
B,Bentley
B,Bognar
B,Bonds
B,Bradlyn
B,Branham
B,Bross
B,Buckley
B,Carollo
B,Carpenter
B,Carrasquillo
B,Clark
B,Clegg
B,Coleman
B,Conerty
B,Conway
B,Cosman
B,Cunningham
B,Currie
B,Damon
B,Deal
B,Dill
B,Duff
B,Dunne
B,Endres
B,Fadl-Alla
B,Fields
B,Flachsbart
B,Fuller
B,Garcia
B,Gipson
B,Gramig
B,Green
B,Gregg
B,Grosser
B,Hajek
B,Hamm
B,Han
B,Hankin
B,Harley
B,Harsh
B,Hayes
B,Hinkley
B,Holden
B,Hooberman
B,Houser
B,Hu
B,Hudek
B,Hudson
B,Huff
B,Hug
B,Jefferson
B,Jewett
B,Johnson
B,Kaplan
B,Kaufman
B,Klehm
B,Koester
B,Kuhns
B,Landes
B,Lee
B,LeRoy
B,Li
B,Lilly
B,Lindsey
B,Lough
B,Mak
B,Malekin
B,Marinas
B,Marx
B,McBride
B,Mead-Harvey
B,Mehrtens
B,Melesse
B,Meline
B,Mercer
B,Miller
B,Moen
B,Monson
B,Murray
B,Ogolsky
B,Ogunjesa
B,Perry
B,Peters
B,Quick
B,Radcliffe
B,Rhoads
B,Ritchison
B,Rosenstock
B,Russell
B,Schiller
B,Scully
B,Sehgal
B,Smith
B,Solomon
B,Spencer
B,Stadtmueller
B,Sutton
B,Sweet
B,Vermillion
B,Walters
B,Wilson
B,Woodard
C,Allen
C,Anderson
C,Anthony
C,Avent
C,Baker
C,Ball
C,Barkan
C,Beck
C,Best
C,Bianchi Geisse
C,Bigman-Galimore
C,Blake
C,Bollo
C,Bosak-Schroeder
C,Brassell
C,Brobst
C,Brooke
C,Brooks
C,Brosseder
C,Brown
C,Buckley
C,Caceres
C,Callahan
C,Campbell
C,Carrillo
C,Chekuri
C,Chiu
C,Christian-Hinman
C,Christoff
C,Clarke
C,Cole
C,Colon
C,D'Angelo
C,Daval
C,Deacy-Quinn
C,Diao
C,Dick
C,Dickerson
C,Dold
C,Dornfeld Tissenbaum
C,Duarte
C,Elliott
C,Escobar-Sawicki
C,Evans
C,Fairbairn
C,Farmer
C,Fennell
C,Finnegan
C,Firkins
C,Fisher
C,Fletcher
C,Fogelman
C,Fornoff
C,Freeburg
C,Freiji
C,Gammie
C,Gray
C,Gunter
C,Gutzmer
C,Ham
C,Harbourt
C,Hayes
C,Hayne
C,Helton
C,Hill
C,Holder
C,Hughes
C,Hunter
C,Jacobs
C,Jenkins
C,Johnson
C,Jones
C,Kempf
C,Kieffer
C,Kinder
C,Kinson
C,Kocher
C,Krist
C,Langbort
C,Larrison
C,Leal
C,Lee
C,Lemoine
C,Lewis
C,Light Shriner
C,Lin
C,Lleras
C,Lombardi
C,Lundstrom
C,MacMaster
C,Mamaril
C,Marcos
C,Martinez
C,Martins Freitas
C,Mason
C,Mauck
C,McCarthy
C,McNeill
C,Meinert
C,Menard
C,Mendes
C,Mendis
C,Moersch
C,Molina-Vital
C,Moore
C,Moran
C,Mulvaney
C,Murphy
C,Myers
C,Nadeau
C,Nance
C,Napolitano
C,Nappo
C,Nelson
C,Niekerk
C,Ohms
C,Oliver
C,O'Shea
C,Parsons
C,Pettijohn
C,Prendergast
C,Proistosescu
C,Radhakrishnan
C,Rainwater
C,Ramirez
C,Rao
C,Ray
C,Riggins
C,Rincker
C,Riordan
C,Robards
C,Roseman
C,Sanchez
C,Santos
C,Schmitz
C,Schroeder
C,Schultz
C,Shah
C,Shao
C,Shenouda
C,Shih
C,Short
C,Sing
C,Span
C,Stahl
C,Stephens
C,Stern
C,Steward
C,Stewart
C,Suski
C,Swanson
C,Symes
C,Tabb
C,Tancredy
C,Tessum
C,Thompson
C,Tilley
C,Topaum
C,Torelli
C,Tsitsaros
C,Tucker
C,Ugarte
C,Vanjonack
C,Van Landingham
C,Van Riper
C,Villanueva
C,Vincenzi
C,Vogiatzis
C,Wachter
C,Waight
C,Weaver
C,Webster
C,Weidenhamer
C,Wiesener
C,Williams
C,Wilson
C,Wilson Smith
C,Wisniewski
C,Wong
C,Wu
C,Zhai
C,Zilles
D,Albarracin
D,Allred
D,Andruczyk
D,Bacon
D,Beard
D,Beck
D,Bergman
D,Berwick Evans
D,Bielser
D,Bishop
D,Block
D,Bodony
D,Bohn
D,Boler
D,Briley
D,Brown
D,Bullock
D,Buntrock
D,Butler
D,Cahill
D,Canache
D,Candler
D,Cavanaugh
D,Cermak
D,Chasco
D,Chatterjee
D,Chen
D,Chhillar
D,Chih
D,Clapper
D,Clifton
D,Cohen
D,Cox
D,Crowell
D,Curreli
D,Dalpiaz
D,Decoste
D,Dubin
D,Duffy
D,Durso
D,Eddelbuettel
D,Flaherty
D,Fogerty
D,Forsyth
D,French
D,Gallo
D,Gary
D,Giers
D,Gilbert
D,Glosemeyer
D,Godsell
D,Goldman
D,Gonzalez
D,Griffith
D,Guggenheim
D,Hagstrom
D,Hague
D,Hannah
D,Hardin
D,Harper
D,Harris
D,Hays
D,Hence
D,Hoiem
D,Holder
D,Hood
D,Hopping
D,Huang
D,Jennings
D,Katselis
D,Kell
D,Kelly
D,Kiku
D,Kim
D,King
D,Kink
D,Kinzy
D,Lariviere
D,Leckband
D,Lee
D,Leon Ruiz
D,Levin Fliflet
D,Liberzon
D,Llano
D,Long
D,Loyd
D,Maple
D,Marinov
D,Maroun
D,McCarthy
D,McDonagh
D,McDonough
D,McKim
D,McNulty
D,Miller
D,Mitchell
D,Molitor
D,Morris
D,Mussulman
D,Myers
D,Nagashima
D,Newman
D,Nolan
D,Olson
D,Parrett
D,Pindus
D,Planty
D,Rabin
D,Reid
D,Richtmeyer
D,Riechers
D,Rivera
D,Robinson
D,Roche
D,Rock
D,Rosch
D,Ruggles
D,Ruzic
D,Rymhs
D,Sarlah
D,Schneider
D,Schrag
D,Sepkoski
D,Shao
D,Shapiro
D,Shike
D,Shoemaker
D,Shukla
D,Simons
D,Simpson
D,Slifer
D,Socie
D,Staback Rodriguez
D,Stebbins
D,Steward
D,Stipanovic
D,Strauser
D,Sussman
D,Tempel
D,Tonini
D,Trinkle
D,Unger
D,Vasisht
D,Vergara Bracamontes
D,Wang
D,Weaver
D,Weightman
D,Weiner
D,Weiss
D,Wilson
D,Yoerges
D,Yoo
E,Ahn
E,Ainsworth
E,Andre
E,Ashworth
E,Autumn
E,Avrutin
E,Barker
E,Barnum
E,Benson
E,Bigsby
E,Bolton
E,Butt
E,Calderwood
E,Carroll Curry
E,Cha
E,Chandrasekharan
E,Chasanov
E,Cheslow
E,Chitambar
E,Colla
E,Courtemanche
E,Crimmel
E,Davidson
E,Demejia
E,Denby
E,Derhemi
E,Ertekin
E,Fieldsteel
E,Fireman
E,Fischer
E,Forsythe
E,Fradkin
E,Frasca
E,Freivogel
E,Fujimoto
E,Goldschmidt
E,Golebie
E,Good
E,Green
E,Gunter
E,Hanauer
E,Hemingway
E,Hernandez
E,Hoffman
E,Hoiem
E,Hsiao-Wecksler
E,Hurth
E,Ignacio
E,Jakobsson
E,Jensen
E,Johnson
E,Kerman
E,Knox
E,Knutson
E,Kontou
E,Kordik
E,Kramer
E,Kudeki
E,Kuo
E,Labarbera-Twarog
E,Larson
E,LaRue
E,Ledesma
E,Lerman
E,Lingscheit
E,Love
E,Luckman
E,Maslowska
E,Mason
E,McCarren
E,McDuffie
E,Meyer
E,Moodie
E,Morgan
E,Mun
E,Neufeld
E,Oh
E,Oldfield
E,Pehl
E,Peterson
E,Pomerantz
E,Powers
E,Reitz
E,Rosenbaum
E,Rota
E,Saadah
E,Sacks
E,Shaffer
E,Shin
E,Solomonik
E,Song
E,Stoppino
E,Tajkhorshid
E,Thomann Mitchell
E,Thompson
E,Tutumluer
E,Van Duyn
E,Velez
E,Wickes
E,Zamani-Gallaher
F,Andrade
F,Boyle
F,Brooks
F,Cardoso
F,Dolcos
F,Dominguez
F,Drasgow
F,Dunn
F,Fang
F,Harrison
F,Hartley-Kroeger
F,Henshaw
F,Husain
F,Kadayifci
F,Kamalabadi
F,Lam
F,Liang
F,Lombardo
F,Lu
F,Miraftab
F,Nekrasz
F,Panerai
F,Pecas Correia
F,Quan
F,Reynolds
F,Salas
F,Shepke
F,Taghaboni-Dutta
G,Anand
G,Augusto Sampaio Franco de Lima
G,Challen
G,Chowdhary
G,Czapar
G,Deltas
G,Elliott
G,Forman
G,Gasyna
G,Giorgio
G,Girolami
G,Gollin
G,Gonzalez Rivera
G,Gratton
G,Gross
G,Hapke
G,Herman
G,Howard
G,Jiang
G,Juarez
G,Keyser
G,Krishnan
G,Krueger
G,Magee
G,Marques de Amorim
G,Martinez Negrette
G,McCall
G,Mensing
G,Mesri
G,Montgomery
G,Moussawi
G,Narayan
G,Ochs
G,Parker
G,Persiani
G,Popescu
G,Rahat
G,Raveendran Nair
G,Rosas
G,Rosu
G,Sanchez Portuguez
G,Schnitkey
G,Sin
G,Singh
G,Sinha
G,Spencer
G,Underhill
G,Wang
G,Winter
G,Wood
G,Wszalek
G,Xu
H,Ahyad
H,Almeida
H,Arvin-Rad
H,Berenbaum
H,Bishop
H,Brenner
H,Chen
H,Chew
H,Choi
H,Chung
H,Cupps-Miller
H,Dokoohaki
H,Druhet
H,Ellis
H,Ennis
H,Fang
H,Feng
H,Fletcher
H,Golecki
H,Grossman
H,Gulbrandson-Andrews
H,Han
H,Hilton
H,Holscher
H,Holtzclaw-Stone
H,Hong
H,Hurd
H,Ji
H,Johnson
H,Kalogridis
H,Kang
H,Kilicoglu
H,Kim
H,Klonoff-Cohen
H,Koehn
H,Kong
H,Lane
H,Lee
H,Li
H,Liu
H,McDonald
H,McLeer
H,Meadan-Kaplansky
H,Meidani
H,Michelson
H,Murav
H,Nazar
H,Neville
H,Nguyen
H,Noel
H,Oh
H,Pacheco
H,Phillips
H,Qiao
H,Reis
H,Schwarb
H,Sehitoglu
H,Shin
H,Silverman
H,Sundaram
H,Taneja
H,Taube
H,Tran
H,Varden
H,Wang
H,Witek
H,Wright
H,Xu
H,Yang
H,Ye
H,Zhao
I,Ahmed
I,Al-Qadi
I,Asaka
I,Baron
I,Brooks
I,Cavazos
I,Choi
I,Condotta
I,DiIanni
I,Duursma
I,Favila
I,Frederico Canisso
I,Golding
I,Hunt
I,Jang
I,Ladegaard
I,Marquez
I,Meares
I,Mertes
I,Minefee
I,Molina
I,Nunez Cortez
I,Redstone
I,Rice
I,Shomorony
I,Tsekouras
I,Wang
I,Willis
J,Abelson
J,Adamek
J,Aguirre
J,Allen
J,Allison
J,Almeida de Souza Ramos
J,Alvarez
J,Amengual Terrasa
J,Amos
J,Anderson
J,Andino Martinez
J,Arbelaez
J,Aronoff
J,Ashley
J,Atiles Osoria
J,Axelson
J,Balamuta
J,Balog
J,Barich
J,Beidelschies
J,Bensken
J,Bentsman
J,Bentz
J,Bergmark
J,Bertram
J,Boesche
J,Bojanowski
J,Bowers
J,Bradley
J,Braun
J,Brawn
J,Breen
J,Brighton
J,Brinkworth
J,Briskin
J,Brooks
J,Brotherton
J,Campbell
J,Carter-Black
J,Caughlin
J,Chambers
J,Chan
J,Chen
J,Cheng
J,Chin
J,Choate
J,Choi
J,Christiansen
J,Chuang
J,Cisneros
J,Claborn
J,Cohen
J,Conroy
J,Coppess
J,Craft
J,Cromley
J,Cronan
J,Curtis Quick
J,Dahl
J,Dahman
J,Dalling
J,Dariotis
J,Davila
J,Davis
J,Dee
J,Dees
J,de la Garza
J,Delaney
J,Del Real Viramontes
J,Derringer
J,Desmond
J,Diaz-Soto
J,Diesner
J,Downie
J,Drackley
J,Druhan
J,Dudek
J,Ebel
J,Eckstein
J,Edwards
J,El Karkafi
J,Elliott
J,Emmert
J,Ensign
J,Erickson
J,Erkert
J,Farr
J,Feng
J,Filippini
J,Finkelman
J,Fisher
J,Fitts
J,Flaws
J,Flesher
j,Floess
J,Foreman
J,Frame
J,Fraterrigo
J,Frohlich
J,Gallagher
J,Gallaher
J,Garg
J,Giertz
J,Goldberg
J,Goncalo
J,Gorham
J,Griggs
J,Guest
J,Gulley
J,Gunji-Ballsrud
J,Gunn
J,Guzman
J,Ha
J,Hagman
J,Hale
J,Hansen
J,Hardesty
J,Hardy
J,Harris
J,Hart
J,Hay
J,He
J,Headtke
J,Heller
J,Henschen
J,Henss
J,Herbold
J,Hernandez
J,Heuman
J,Hickey
J,Higdon
J,Hinchliffe
J,Hitchon
J,Hobson
J,Hockenmaier
J,Holba Puacz
J,Hotaling
J,Houston
J,Hu
J,Hualde
J,Huang
J,Hummel
J,Imlay
J,Irigoyen Garcia
J,Irudayaraj
J,Janzen
J,Jayes
J,Jegerski
J,Jenkins
J,Joesting
J,Johnson
J,Jones
J,Jung
J,Juraska
J,Juvik
J,Karam
J,Karduck
J,Keeble
J,Keener
J,Kendall
J,Kern
J,Kim
J,Knipp
J,Kolisetty
J,Krogmeier
J,Krogstad
J,Kurtz
J,LaFave
J,Lamare
J,Lambros
J,Langan
J,Latham
J,Laystrom-Woodard
J,Leburton
J,Lee
J,Leicht
J,Leite Noronha
J,Lemus Encalada
J,Levengood
J,Leveritt
J,Liu
J,Livengood
J,Loewenstein
J,Longardner
J,Lowe
J,Lucero
J,Lyding
J,MacDonald
J,Madson
J,Magee
J,Mahoney
J,Makela
J,Manaster
J,Martin
J,Matthews
J,McAdara
J,McCann
J,McGovern
J,McGrath
J,Merret
J,Meseguer
J,Meyers
J,Miller
J,Minor
J,Moist
J,Mondak
J,Monson
J,Morrissette
J,Munoz-Najar
J,Murphy
J,Naiman
J,Nelson
J,Newcomb
J,Nichols
J,Noonan
J,Noronha-Hostler
J,North
J,O'Connor
J,Oyallon-Koloski
J,Pahre
J,Pea
J,Pintar
J,Polk
J,Pollet
J,Popovics
J,Price
J,Pugh
J,Radin
J,Rana
J,Randolph
J,Rhodes
J,Ridlon
J,Robbennolt
J,Rodriguez Lopez
J,Roesler
J,Rosenstein
J,Ross
J,Rounds
J,Rovey
J,Rowe
J,Rubins
J,Rutkoski
J,Salamanca Garcia
J,Samet
J,Schneider
J,Schroeder
J,Schuh
J,Schumacher
J,Schutt-Aine
J,Sellers
J,Shapland
J,Sharpe
J,Shelton
J,Sherkow
J,Shisler
J,Shriner
J,Siena
J,Smist
J,Solomon
J,Soulard
J,Spencer
J,Spielmann
J,Spridco
J,Srikant
J,Stallmeyer
J,Stubbins
J,Sweedler
J,Teper
J,TerBush
J,Thode
J,Thorner
J,Toenjes
J,Tolliver
J,Tom
J,Tomkin
J,Torrellas
J,Trask
J,Turnock
J,Vazquez
J,Vincler
J,Vura-Weis
J,Wachtel
J,Wang
J,Weible
J,Welty-Peachey
J,White
J,Whitfield
J,Williams
J,Willits
J,Wirtz
J,Woods
J,Woolf
J,Yan
J,Yang
J,Yoon
J,Yun
J,Zhang
J,Zhou
J,Zilles
J,Zuo
K,Abney
K,Ansell
K,Anthony
K,Bailey
K,Bazzell-Smith
K,Beck
K,Bilz
K,Bisbee
K,Bishop
K,Carlson
K,Chang
K,Chapman-Novakofski
K,Choquette
K,Chow
K,Christianson
K,Clancy
K,Clark
K,Colegrove-Calvey
K,Collins
K,Curtis
K,Dahmen
K,DiFilippo
K,Dillender
K,Ditewig-Morris
K,Dugan
K,Duitsman
K,Dunlap Johnson
K,Egan
K,El-Rayes
K,Emkes
K,Emmert
K,Erdey
K,Fang
K,Federmeier
K,Findley
K,Flanagan
K,Flynn
K,Francis
K,Frantz
K,Guan
K,Gunji
K,Hair
K,Harden
K,Hauser
K,Henningsen
K,Hensold
K,Hinders
K,Hodgin Jones
K,Hoganson
K,Huff
K,Irani
K,Ishikawa
K,Jahnke
K,James
K,Jensen
K,Jones-Hamlow
K,Karahalios
K,Keating
K,Kennealy - Pierczynski
K,Kirkpatrick
K,Kline
K,Koelkebeck
K,Kourtikakis
K,Kramer
K,Kritikos
K,LaBarre
K,Lambert
K,Leicht
K,Leskis
K,Levchenko
K,Livengood
K,Lucht
K,Maldonado
K,Marville
K,Matlack
K,Mattson
K,McDowell
K,McDuffie
K,McSweeney
K,Mendoza
K,Miller
K,Mitchell
K,Moller
K,Mortensen
K,Nahrstedt
K,Niehans
K,Norcross
K,Oberdeck
K,Paige
K,Paulussen
K,Powers
K,Pullen
K,Quealy
K,Rausch
K,Rice
K,Richards
K,Ritter
K,Romberg
K,Rudolph
K,Salo
K,Sanders
K,Sanderson
K,Schweizer
K,Shinew
K,Smalls
K,Smilovitch
K,Smith
K,Stephani
K,Sun
K,Swanson
K,Tan
K,Tang
K,Trainor
K,Valentin
K,Warburton
K,Ward
K,Wegmann
K,Welle
K,Whittlesey
K,Wickett
K,Wilcox
K,Williams
K,Wilund
K,Wise
K,Zarate
L,Andrews
L,Angrave
L,Arias
L,Aronson
L,Barnes
L,Batten
L,Bravo De Guenni
L,Bright
L,Brittingham
L,Cai
L,Chamorro Chavez
L,Chason
L,Chen
L,Chiaramonte
L,Clark
L,Cobb
L,Coby
L,Cole
L,Dash
L,Davies Brenier
L,DeBrock
L,Delgado
L,Diekman
L,Di Girolamo
L,Dixon
L,Fay
L,Feng
L,Fink
L,Firkins
L,Garcia
L,Garcia-Villegas
L,Goddard
L,Gray
L,Gui
L,Gundersen
L,Guntzviller
L,Haken
L,Hanks
L,Harms
L,Hebert
L,Henry
L,Herrera
L,Hetrick
L,Hill
L,Hinchliffe
L,Hogin
L,Holden
L,Houston
L,Hoyer
L,Jackson
L,Johnson
L,Kaganovsky
L,Karplus
L,Kendall
L,Kidd
L,Kinderman
L,Kingery
L,Konigsberg
L,Lehe
L,Levesque
L,Liebenberg
L,Liu
L,Looney
L,Lu
L,Lucero
L,Lynch
L,Maggid Alon
L,Mall
L,Marla
L,Marshall
L,Mattie
L,McChristian
L,McGuire
L,McKinzie
L,Meng
L,Mercer
L,Milazzo
L,Mirica
L,Moorhouse
L,Munjanja
L,Nagel
L,Newcomb
L,Olshansky
L,Olson
L,Paquette
L,Pearlman
L,Pew
L,Pierce
L,Placzek
L,Rauchwerger
L,Redman
L,Reynolds
L,Rincker
L,Rodriguez
L,Rosenthal
L,Russell
L,Sahakyan
L,Schwartz
L,Sha
L,Stirek
L,Stites
L,Su
L,Thorstensson Davila
L,Travis
L,Trout
L,Waldrop
L,Weiner
L,Wexler
L,Zhang
L,Zhao
M,Aber
M,Alarcon Olivos
M,Allen
M,Allender
M,Alleyne
M,Alt
M,Arango Isaza
M,Arends-Kuenning
M,Arzumanyan
M,Awad
M,Babadoost
M,Backlund
M,Bagchi
M,Bailey
M,Baldes
M,Barinas Uribe
M,Barrett
M,Bashir
M,Basu
M,Batista Guerra Junior
M,Beckman
M,Bedient
M,Bednar
M,Belabbas
M,Bernhardt
M,Bishop
M,Blumthal
M,Bohn
M,Boppart
M,Borgschulte
M,Boubekri
M,Bowen
M,Bowles
M,Bradley
M,Braun
M,Brewster
M,Briggs
M,Brown
M,Burke
M,Burnett
M,Caesar
M,Cardador
M,Cattai de Godoy
M,Channell
M,Chen
M,Christie
M,Chu
M,Cottingham
M,Dailey
M,Dean
M,Delaney
M,Dietrich
M,Dreslik
M,Dyer
M,Eagen
M,Ebbay
M,Edwards
M,Ehrlich
M,El-Kebir
M,Enslin
M,Erdogan
M,Etienne
M,Fick
M,Finkin
M,Fisher
M,Flaherty
M,Fleck
M,Foellmer
M,Forbes
M,Freivogel
M,Frydman
M,Furlong
M,Garcia
M,Gathogo
M,Gazzola
M,Gillette
M,Goldstein
M,Golparvar Fard
M,Gonzalez
M,Goodman
M,Goodnight
M,Graebner
M,Gruebele
M,Gunasekera
M,Haberman
M,Hadjipolycarpou
M,Hasegawa-Johnson
M,Hauber
M,Hensley
M,Hernandez
M,Herrmann
M,Hertzman
M,Ho
M,Hurley
M,Hutchens
M,Insana
M,Jaimes
M,Jamal
M,Johnson
M,Junge
M,Kaminski
M,Kamruzzaman
M,Keller
M,Khuri
M,Kim
M,Kleemans
M,Koerner
M,Konar
M,Koven
M,Kraatz
M,Kraft
M,Kuo
M,Kustanovich
M,Lara
M,Larkin
M,Layek
M,Lee
M,Lembeck
M,Leroy
M,Li
M,Lindsey
M,Lopez
M,Lullo
M,Lundsgaard
M,Lyu
M,Lyubansky
M,Marcinkowski
M,Matalon
M,Maurer
M,McGrath
M,McGuire
M,McIntire
M,McKee
M,Mehrotra
M,Mendy
M,Michael
M,Miller
M,Minn
M,Mishra
M,Mohamed
M,Moore
M,Morales Aguirre
M,Moriwaki
M,Morrow
M,Murphy
M,Nakamura
M,Natale
M,Nelson
M,Neubauer
M,Newell
M,Nguyen
M,Nobili
M,Novoa Echaurren
M,Nowak
M,Ocepek
M,Odom
M,Oelze
M,Okumu
M,Oleschuk
M,Oliver
M,Ornik
M,Ostrosky
M,Panesi
M,Parthasarathy
M,Peacock
M,Pebole
M,Peecher
M,Penn
M,Pepino de Gruev
M,Perry
M,Philpott
M,Pokorny
M,Pool
M,Poole
M,Prescott
M,Ragheb
M,Raginsky
M,Raj
M,Ramey
M,Raycraft
M,Reagan
M,Reedy
M,Regenwetter
M,Robe
M,Rodas
M,Ruiz
M,Sabate Giner
M,Sadler
M,Saif
M,Salrin
M,Sanfilippo
M,Sato
M,Schijven
M,Schuler
M,Serra Devesa
M,Shen
M,Shim
M,Siero
M,Silva
M,Sivapalan
M,Smith
M,Snyder
M,Soener
M,Song
M,Soranso
M,Sotirovic
M,Stannard
M,Starzewski
M,Stasiewicz
M,Stewart
M,Stodolska
M,Stone
M,Takao
M,Taylor
M,Telgarsky
M,Thomas
M,Tilley
M,Tissenbaum
M,Tucker Zwilling
M,Turk
M,Twidale
M,Uihlein
M,Villamil
M,Viswanathan
M,Wallig
M,Ward
M,Waters
M,Wei
M,West
M,Wheeler
M,White
M,Widdicks
M,Williams
M,Williamson
M,Winters
M,Witt
M,Wolske
M,Wolters
M,Wonderlich
M,Wong
M,Woodley
M,Wright
M,Wu
M,Yao
M,Yerkin
N,Admal
N,Alexander
N,Allen
N,Alvarado
N,Amato
N,Ben Moshe
N,Borisov
N,Bosch
N,Bosecker
N,Brown
N,Burbules
N,Burd
N,Cantoni
N,Cardenas Gonzalez
N,Castillo
N,Coskun
N,Cox
N,Davis
N,Dunfield
N,Duran
N,El-Gohary
N,Engeseth
N,Erten
N,Flores
N,Frankowski
N,Gabrielson
N,Garg
N,Glumac
N,Gothe
N,Grimes
N,Grossman
N,Gunji
N,Gunn
N,Hovakimyan
N,Jiang
N,Kani
N,Kim
N,Kirchner
N,Latham
N,Lee
N,Liang
N,Lira
N,Liu
N,MacGregor
N,Makri
N,Mamaril
N,Martin
N,Miljkovic
N,Miller
N,Narisetty
N,Ogunfemi
N,Paulson
N,Perry
N,Ramsey
N,Riemer
N,Sanden
N,Sannes
N,Scott
N,Seiter
N,Shanbhag
N,Sharpe
N,Skorin
N,Smith
N,Taub
N,Thomas
N,Todd
N,Turner
N,Tzirakis
N,Usher
N,Vallier
N,Wang
N,Webb Williams
N,Wu
N,Wynn
N,Yunes
N,Zahedi Mehr
O,Akingbule
O,Campos Coiado
O,Cohen
O,Davis
O,Flores
O,Khessina
O,Maslova
O,Milenkovic
O,Mironenko
O,Roberts
O,Urcan
O,Vazquez
P,Abbamonte
P,Adshead
P,Amir Ahmadi
P,Anderson
P,Ansell
P,Armstrong
P,Atienza
P,Bellon
P,Bottalico
P,Bruno
P,Christensen
P,Chuang
P,Cole
P,Darch
P,Davidson
P,Delgosha
P,Dey
P,Diehl
P,Dragic
P,Draper
P,Fadely
P,Fischer
P,Fritzsche
P,Froeter
P,Gardoni
P,Godfrey
P,Goldsmith
P,Greene
P,Gupta
P,Hadley
P,Hammie
P,Hanumolu
P,Heald
P,Healey
P,Henderson
P,Hillmer
P,Hodson
P,Huang
P,Jain
P,Jelinek
P,Kalita
P,Kapp
P,Keenan
P,Kenis
P,Lasersohn
P,Maggs
P,Martinez-Quiroga
P,Mehta
P,Mera
P,Mortensen
P,Moulin
P,Mulvey
P,Perez Pinera
P,Peterson
P,Phillips
P,Rhee
P,Rice
P,Ricker
P,Roady
P,Serafini
P,Sheldon
P,Silhan
P,Simpson
P,Smaragdis
P,Sofronis
P,Song
P,Stoddard
P,Swiatek
P,Takhar
P,Vargas
P,Wang
P,Wilkins
P,Wright
P,Wu
Q,Cao
Q,Chen
Q,Wang
Q,Zhou
R,Akresh
R,Alam
R,Allen
R,Alt
R,Anderson
R,Armendariz Buaun
R,Bailey
R,Barrett
R,Batts
R,Benekohal
R,Benton
R,Bhargava
R,Bhatt
R,Bhattarai
R,Bothmann
R,Bridgewater
R,Brubaker
R,Carroll
R,Chambers
R,Chung
R,Cooke
R,Cunningham
R,Cusick
R,Dar
R,De Jesus-Valentin
R,Deterding
R,Deutsch
R,Dilger
R,Dong
R,Endres
R,Espinosa Marzal
R,Ewoldt
R,Excell
R,Fein-Smolinski
R,Feng
R,Flores
R,Fox
R,Fraley
R,Gan
R,Garthe
R,Giannetta
R,Ginsburg
R,Girju
R,Gobin
R,Goebel
R,Gracon
R,Gregg
R,Griffis
R,Gutierrez
R,Guymon
R,Guzman
R,Hajj
R,Haken
R,Hammann
R,Harris
R,Hinze-Pifer
R,Hodson
R,Hogarth
R,Hopson
R,Hudson
R,Hughes
R,Ilie
R,Ivashkiv
R,Iyer
R,Jabbarvand Behrouz
R,Jacobs
R,Jenkins
R,Kaczmarowski
R,Kanter
R,Kaplan
R,Kar
R,Kedem
R,Kersh
R,Knox
R,Kowalski
R,Kravets
R,Kumar
R,Larson
R,Laugesen
R,Lawless
R,Layton
R,Leigh
R,Lindgren
R,Loja Fernandes
R,Mackie
R,Magee
R,Makhnenko
R,Malhi
R,Mathisen
R,May
R,McCarthy
R,Mehta
R,Metzger
R,Mudar
R,Mulvaney
R,Nagi
R,Nettl-Fiol
R,Nowak
R,Nuzzo
R,Oh
R,Paez-Rodriguez
R,Pagura
R,Pahre
R,Parker
R,Parthasarathy
R,Pendall
R,Perry
R,Planas Casado
R,Rauber
R,Reck
R,Roegman
R,Ross
R,Roy Choudhury
R,Rushing
R,Sadler
R,Sanford
R,Sankaran
R,Scholwin
R,Schultz
R,Schwartz
R,Sennet
R,Shasteen
R,Sherwood
R,Shosted
R,Smith
R,Sowers
R,Sreenivas
R,Srikant
R,Sriver
R,Stauffer
R,Strand
R,Subramanyam
R,Sun
R,Switzky
R,Szajna
R,Tempest
R,Tharp
R,Thornton
R,Tierney
R,Trapp
R,Trilling
R,Uddin
R,Vanderbeek
R,Venugopalan
R,Vidal
R,Wade
R,Wantland
R,Watkins
R,Weber
R,Weinstein
R,Wilson
R,Woollands
R,Yarnot
R,Zhang
R,Zhao
R,Zheng
R,Zhu
S,Adve
S,Aguinaga
S,Ahmed
S,Alexander
S,Allen
S,Allison
S,Altaner
S,Althaus
S,Ambrose
S,Anderson
S,Ashby
S,Ashrafi
S,Austin
S,Avery
S,Baddam
S,Balasubramanian
S,Banerjee
S,Bartumeus Ferre
S,Becker
S,Benson
S,Berger
S,Beshers
S,Besser
S,Bhardwaj
S,Bhat
S,Bogdanov
S,Bose
S,Braun
S,Briggs
S,Brunson
S,Burgess
S,Butcher
S,Callesano
S,Cameron
S,Ceman
S,Cha-Jua
S,Chatterjee
S,Chattopadhyay
S,Choi
S,Chopra
S,Clay
S,Cochran
S,Comstock
S,Connolly
S,Cooper
S,Corredor Waldron
S,Craft
S,Curtis
S,Dahlen
S,Dall'Erba
S,Dean
S,Dolcos
S,Dramin Weiss
S,Dutta
S,Eggl
S,Etesami
S,Ettinger
S,Fairbanks
S,Faivre
S,Faulkner
S,Flores-Freeman
S,Frankenberg
S,Franks
S,Frost
S,Geiger
S,Ghose
S,Gill
S,Gilmore
S,Gupta
S,Gutierrez Nibeyro
S,Hall
S,Han
S,Hao
S,Har-Peled
S,Hilgenfeldt
S,Hind
S,Hirata
S,Hong
S,Hook
S,Hudson
S,Hutchens
S,Irwin
S,Ison
S,Issa
S,Jackson
S,Jacobson
S,Janzen
S,Kapoor
S,Katz
S,Kehoe
S,Kemp
S,Kennedy
S,Koerner
S,Kolb
S,Koloutsou-Vakakis
S,Koon
S,Kopels
S,Koshy
S,Koziel
S,Krasa
S,Krishnan
S,Lara-Cinisomo
S,Lasher-Trapp
S,Lazebnik
S,Ledford
S,Lee
S,Lindgren
S,Lleras Buetti
S,Lumetta
S,Ma
S,Martenies
S,Maslov
S,McCarthey
S,Mejia
S,Mendoza
S,Meron
S,Mideros Mora
S,Mininsohn
S,Misailovic
S,Mitra
S,Montrul
S,Moose
S,Moritz
S,Mullen
S,Murray
S,Naidu
S,Nair
S,Nam
S,Narisetti
S,Natenberg
S,Nesbitt
S,Nie
S,Oberg
S,Oh
S,Olson
S,Pachera
S,Park
S,Patel
S,Perkins
S,Peters
S,Peterson
S,Petrickova
S,Petruzzello
S,Philip
S,Prasanth
S,Raheel
S,Rakheja
S,Raquel
S,Raskie
S,Ren
S,Restubog
S,Reyes
S,Richardson
S,Richter
S,Robinson
S,Rodriguez Zas
S,Rogers
S,Ruecker
S,Runkle
S,Sadaghiani
S,Safir
S,Salapaka
S,Sar
S,Schmidt
S,Schwartz
S,Schwebel
S,Sears
S,Segredo
S,Seitz
S,Sellars
S,Serrat
S,Seshadri
S,Sethi
S,Shin
S,Silverman
S,Sinha
S,Slobodnik
S,Smith
S,Smothers
S,Souyris
S,Stone
S,Sydnor
S,Szala
S,Tawfick
S,Taylor
S,Tegge
S,Thomas
S,Tipei
S,Tolman
S,Travis
S,Turchan
S,Valentine
S,Vanka
S,Van Ostrand
S,Vasudevan
S,Vishveshwara
S,Vize
S,Wang
S,Ward
S,Warren
S,Weinberg
S,Wiesbrook
S,Wigley
S,Witt
S,Won
S,Xie
S,Yun
S,Zehr
S,Zeume
S,Zhang
S,Zhao
S,Zou
T,Abdelzaher
T,Ambrisko
T,Barnes
T,Benson
T,Bilsbury
T,Bretl
T,Brewster
T,Burkhalter
T,Cai
T,Cappa
T,Carrillo
T,Chan
T,Chaplin
T,Ciofalo
T,Cole
T,Crosby
T,Daniels
T,Day
T,Dixon
T,Dobbs
T,Earls Larrison
T,Ehlen
T,Ellison
T,Faulkner
T,Gaj
T,Girndt-Clougherty
T,Gomez
T,Gregg
T,Grift
T,Guigma
T,Hale
T,Herman
T,Hoang
T,Huang
T,Hummel
T,Ionin
T,Ito
T,Jamann
T,Johnson
T,Kao
T,Kasdan
T,Kehl-Fie
T,Kesavadas
T,Knox
T,Kozlowski
T,Kwapil
T,Laursen
T,Lewis
T,Leytham Powell
T,Liechty
T,Loew
T,Loughran
T,Macke
T,MacMullen
T,McGovern
T,Miller
T,Mitchell
T,Moon
T,Moton
T,Mouschovias
T,Nguyen
T,Offenstein
T,O'Gorman
T,Ostler
T,Park
T,Parkinson
T,Pulley
T,Rudolph
T,Russell
T,Sanders
T,Saxton-Fox
T,Sendek
T,Seraphin
T,Sougiannis
T,Stark
T,Stelzer
T,Sternburg
T,Su
T,Titone
T,Trott
T,Warnick
T,Warnow
T,Wedig
T,White
T,Williams
T,Wong
T,Wright-Dixon
T,Xu
T,Zhao
U,Bhowmik
U,Mukherjee
U,Pamuksuz
U,Ravaioli
V,Adve
-,Vaishnavi Sridharan
V,Anand
V,Bonatti
V,Cervantes
V,Chunoo
V,Cintron
V,Dolgopolov
V,Dominguez
V,Duarte
V,Font Bas
V,Gruev
V,Haran
V,Hoefig
V,Hoffman
V,Isakova
V,Jimenez
V,Kamble
V,Kindratenko
V,Madhavan
V,Mahaffey
V,Millen
V,Richards
V,Robinson
V,Sachdev
V,Singh
V,Sobol
V,Torvik
V,Veeravalli
V,Winship
V,Zharnitsky
W,Abdulla
W,Asamoah Frimpong
W,Barley
W,Baumgartner
W,Brieher
W,Campbell
W,Chang
W,Cho
W,Chong
W,Cope
W,Davey
W,Dobrucki
W,Fagen-Ulmschneider
W,Guenthner
W,Haboush
W,Hammack
W,Hassan
W,He
W,Hechler
W,Heiles
W,Helferich
W,Heller
W,Hsieh
W,King
W,Kriven
W,Krok
W,Liu
W,Moersch
W,Morrow
W,Norris
W,Ridley
W,Rogers
W,Roy
W,Sander
W,Stewart
W,Trent
W,Underwood
W,van der Donk
W,Wang
W,Wilson
W,Zhu
X,Bu
X,Cai
X,Chen
X,Dai
X,Gao
X,Hu
X,Li
X,Lin
X,Liu
X,Shao
X,Spencer
X,Su
X,Wang
X,Yang
X,Yu
Y,Bao
Y,Baryshnikov
Y,Bresler
Y,Carey
Y,Chemla
Y,Chen
Y,Curtis
Y,Diao
Y,Ding
Y,Feng
Y,Gertner
Y,Guan
Y,Han
Y,Hashash
Y,Hu
Y,Huang
Y,Jan
Y,Jin
Y,Johnson-Walker
Y,Lee
Y,Li
Y,Liu
Y,Neyhard
Y,Ng
Y,Ouyang
Y,Pan
Y,Park
Y,Ramirez
Y,Redman
Y,Shao
Y,Shen
Y,Song
Y,Soto
Y,Tang
Y,Varatharajah
Y,Vlasov
Y,Wang
Y,Wu
Y,Xia
Y,Yang
Y,Yi
Y,Zhang
Y,Zhao
Y,Zhou
Z,Cao
Z,Cheng
Z,Fagyal
Z,Gille
Z,Kalbarczyk
Z,Kertcher
Z,LeBlanc
Z,Li
Z,Liang
Z,Lien
Z,Luthey-Schulten
Z,Madak-Erdogan
Z,McVicker
Z,Mohaghegh
Z,Peng
Z,Putnam
Z,Revell
Z,Shipstead
Z,Simon
Z,Steinrock
Z,Stier
Z,Wang
Z,White
Z,Zhang
Z,Zhao
